nama_produk,harga,toko,lokasi_toko,terjual,nilai_produk,area
Gelifood Seblak Instan Kerupuk Mawar Bumbu Kencur Rafael Pedas Gurih,13000,Lidigeli,Kab. Garut,250,4.8,Luar Jabodetabek
Kylafood Seblak Original Play,15050,kylafood,Bandung,1000,5.0,Luar Jabodetabek
"Seblak Rafael, Seblak Coet Instan Halal",25000,Brother Meat Shop,Depok,100,4.9,Jabodetabek
Seblak Instan Ceu Nthien Khas Bandung Rasana Ngeunah Pisan,17000,Central Seblak Nusantara,Tangerang Selatan,2000,4.9,Jabodetabek
KERUPUK SEBLAK MENTAH ANEKA WARNA,11500,jajanangarut19,Jakarta Selatan,250,4.9,Jabodetabek
SEBLAK INSTANT TERMURAH,3999,Pusat Cuankie & Cemilan Frozen,Jakarta Timur,10000,4.8,Jabodetabek
Seblak Instan Pedas Home Made,3500,the Dhecip,Tangerang Selatan,2000,4.8,Jabodetabek
Seblak pedas kerupuk pedas kiloan 1 kg,35000,RIKI STORE 97,Kab. Bogor,100,4.8,Jabodetabek
seblak instant sajodo snak,19000,hikmah berkah jaya,Jakarta Barat,750,4.8,Jabodetabek
"Kylafood Seblak Cup Instan, Halal",11500,Brother Meat Shop,Depok,60,5.0,Jabodetabek
Seblak Instan,8000,ROEMAH MOSLEM,Kab. Boyolali,40,5.0,Luar Jabodetabek
Geli Food Seblak Ceker Tanpa Tulang Super Pedas 180gr,22500,Lidigeli,Kab. Garut,40,5.0,Luar Jabodetabek
KERUPUK KRUPUK SEBLAK PEDAS 250 GR,10000,TOKO KUE MEISYA,Jakarta Pusat,100,4.9,Jabodetabek
KERUPUK BAWANG WARNA MERAH KRUPUK SEBLAK MENTAH - 500 gram,11500,BociKakang,Jakarta Selatan,90,5.0,Jabodetabek
"seblak ceker 500 gr pedas daun jeruk, gurih,cemilan bikin nagih",17499,aghniya,Tangerang Selatan,50,4.9,Jabodetabek
Seblak instan yoi enak dan kenyang,7500,SeblakYoi,Bekasi,250,5.0,Jabodetabek
seblak frozen,10400,pelangi girls naget,Jakarta Timur,2000,4.9,Jabodetabek
PROMO !!!! Seblak Instan Beli 20 free 1 Murah Enak,4550,ivy's-kitchen,Kab. Tangerang,500,4.7,Jabodetabek
SEBLAK INSTAN MAMANG TERMURAH,4000,global cookware1,Jakarta Barat,100,4.9,Jabodetabek
Kylafood Seblak Rempah Autentik,10000,Kylafood Jakarta,Jakarta Selatan,90,5.0,Jabodetabek
KERUPUK SEBLAK MINI KENCUR JABLAY BANTET PEDAS 500GRAM KILOAN,22000,ajs(ale jaya snack),Jakarta Utara,30,5.0,Jabodetabek
SAMBAL SEBLAK BY MAMANG RAFAEL ORIGINAL HALAL VIRAALLL,39900,Beauty DELUXE,Jakarta Barat,9,5.0,Jabodetabek
Gelifood Combo 3pcs Seblak Instan Kerupuk Mawar Kencur Pedas Rafael,35000,Lidigeli,Kab. Garut,100,4.9,Luar Jabodetabek
KERUPUK SEBLAK MENTAH 1KG WARNA WARNI - Mawar Warna,23500,BociKakang,Jakarta Selatan,250,5.0,Jabodetabek
KRUPUK STIK RASA UDANG CAP PADI KAPAS KHAS INDRAMAYU BISA BUAT SEBLAK,19050,dariimyu,Kab. Indramayu,100,5.0,Luar Jabodetabek
KERUPUK SEBLAK PEDAS KENCUR / SEMBRING SEBLAK KERITING BANTET 500 GRAM,32100,TOKO KUE MEISYA,Jakarta Pusat,40,5.0,Jabodetabek
BASO ACI HOMEMADE boci isi12 bakso aci termurah baso aci fresh seblak,4990,NomeL Shop,Surabaya,2000,4.7,Luar Jabodetabek
Sukro pilus Cikur Sari rasa 500 g - toping seblak - baso aci,18000,Distributor Cuanki dan Seblak,Kab. Bekasi,100,4.9,Jabodetabek
KERUPUK MENTAH SERBA 5000 BAHAN SEBLAK,6000,GK_Snack,Kab. Bandung,750,5.0,Luar Jabodetabek
Seblak Instan Komplit Bumbu Basah,9859,Eatbam store,Jakarta Timur,70,4.7,Jabodetabek
Kerupuk Seblak Pedas Krupuk Pelangi Pedas Seblak 200gram,15500,toko bemo,Jakarta Timur,500,4.9,Jabodetabek
Seblak Hot Spicy By Bapper Food / Seblak Instant Khas Bandung,16800,Foodstocks,Jakarta Selatan,100,5.0,Jabodetabek
KERUPUK jablay bantet/SEBLAK MINI PEDAS 250gram,14000,ajs(ale jaya snack),Jakarta Utara,90,4.9,Jabodetabek
Kerupuk SEBLAK MAWAR Rafael - Cikruh Daun Jeruk,20000,KRIUK JAYA,Jakarta Barat,30,4.9,Jabodetabek
KERUPUK SEBLAK KENCUR BERAT 250 gram,11500,aurel prima snack,Jakarta Barat,100,4.9,Jabodetabek
Seblak RAFAEL | Seblak MAMANG RAFAEL | Seblak Viral ORIGINAL TATANGGA,40000,Beauty DELUXE,Jakarta Barat,16,5.0,Jabodetabek
Termurah Kerupuk Mentah-Kerupuk Seblak-Kerupuk Puli,6800,Djuragan Kerupuk,Surabaya,90,5.0,Luar Jabodetabek
Seblak Sultan instant,14000,Sultan Meat Shop,Medan,250,4.8,Luar Jabodetabek
kerupuk seblak pedas 1 kg / kerupuk seblak,35625,Adila_Putri_Snack,Kab.Ciamis,100,4.8,Luar Jabodetabek
PAKET BUNDLING HEMAT 12  (6 pcs seblak 6pcs baso aci ) MAKANAN INSTAN ,44999,gudangsnacktgr19,Kab. Tangerang,5,4.3,Jabodetabek
KERUPUK SEBLAK PEDAS / KRUPUK SEBLAK KERING DAUN JERUK PEDES,25000,LEGIT SNACK,Jakarta Barat,30,5.0,Jabodetabek
KERUPUK JABLAY BANTET SEBLAK PELANGI,15999,Toko kue Sumber Mas,Jakarta Timur,500,4.9,Jabodetabek
"CUANKI TAHU TOPING BASO ACI, SEBLAK, MIE INSTAN ENAK GURIH",18000,global cookware1,Jakarta Barat,1000,4.8,Jabodetabek
Kerupuk Seblak Rafael Pedas / Seblak Mawar Pedes - Duo Bocil Snack,15000,DUO BOCIL SNACK,Depok,40,4.9,Jabodetabek
seblak ceker pedas kerupuk,10000,ken-olshop,Bekasi,250,5.0,Jabodetabek
"seblak ceker 250 gr pedas daun jeruk, gurih,cemilan bikin nagih",9999,aghniya,Tangerang Selatan,70,4.9,Jabodetabek
KERUPUK / KERUPUK MENTAH / KERUPUK SEBLAK MENTAH / KRUPUK BWG 200gr,5000,SuperSnacksShop,Kab. Bandung,1000,4.9,Luar Jabodetabek
SABRING KERUPUK SEBLAK PEDAS,4000,RIKI STORE 97,Kab. Bogor,40,5.0,Jabodetabek
"pilus cikur/kencur renceng isi 20 bks. baso aci, seblak, cemilan dll",9999,aghniya,Tangerang Selatan,250,5.0,Jabodetabek
KERUPUK PEDAS KRIWIL BANTAT ISI 250gr KRITING SEMBRING SEBLAK MAWAR,17248,AHR Jaya Snack,Jakarta Timur,50,5.0,Jabodetabek
"keripik beling/kaca 1/2 kg. bumbu seblak daun jeruk enak, gurih, pedas",25999,aghniya,Tangerang Selatan,250,4.9,Jabodetabek
Agen Seblak Mommy,9750,Kenal Jaya Bandung,Bandung,3000,4.9,Luar Jabodetabek
"baso aci boci instan maci eco ayam, keju, seblak",8999,snackbox88,Bekasi,100,4.9,Jabodetabek
krupuk seblak hah pedas gurih 500gr,25000,Markas Makaroni,Kab. Bekasi,750,4.9,Jabodetabek
Kerupuk Jablay Bantet Seblak isi 10 pcs,10000,ken-olshop,Bekasi,250,5.0,Jabodetabek
Seblak RAFAEL | Seblak MAMANG RAFAEL | Seblak Viral,40000,Naturally Plus Jakarta,Kab. Tangerang,250,5.0,Jabodetabek
"siomay kering bandung 500 gr. untuk baso aci, seblak ,mie ayam dll",14999,aghniya,Tangerang Selatan,750,4.9,Jabodetabek
krupuk seblak hah pedas gurih 200gr,10000,Markas Makaroni,Kab. Bekasi,1000,4.9,Jabodetabek
Kerupuk Mentah 250gr Seblak Mentah,6200,Pedas Gilaa,Surabaya,250,5.0,Luar Jabodetabek
Seblak Basranger Extra Pedas 200gr,17300,Rak Sebelah,Jakarta Pusat,250,4.9,Jabodetabek
seblak instan jeletot jajanan hits bandung 1 porsi,4180,tokomakanankalimantan,Jakarta Barat,1000,4.8,Jabodetabek
Bundle - Basranger Seblak | Baso Aci Extra Pedas | Tulang Rangu,56300,Rak Sebelah,Jakarta Pusat,100,4.9,Jabodetabek
CUANKIE SIOMAY ISI 50 TOPPING BASO ACI / SEBLAK,18000,Pusat Cuankie & Cemilan Frozen,Jakarta Timur,28,4.5,Jabodetabek
kerupuk bubur/ seblak / gado- gado/ ketoprak 500gr,18000,Taufik Bumbu Giling,Jakarta Selatan,100,4.9,Jabodetabek
Seblak Instan Komplit Pedas Gurih Nikmat,5999,Baso Aci Ayang,Kab. Garut,2000,4.9,Luar Jabodetabek
KERUPUK JABLAY/KERUPUK SEBLAK RASA PEDAS BERAT 250 GRAM,11500,aurel prima snack,Jakarta Barat,15,4.8,Jabodetabek
Kerupuk Seblak Rafael Mawar Kecil Mentah 500 Gr / Seblak Viral YONGKI,12000,insanprimastore,Tangerang Selatan,17,5.0,Jabodetabek
Kerupuk Seblak / Seblak / Kering Pedas /,10000,Anggris store,Kab. Bogor,50,4.8,Jabodetabek
KERUPUK/KRUPUK SEBLAK RASA PEDAS TERLARIS ISI 250 GRAM NETT,16695,Toko kue Sumber Mas,Jakarta Timur,250,4.9,Jabodetabek
Seblak Tokpokki by Inara Food,23000,Inara Food Official,Depok,6,5.0,Jabodetabek
krupuk seblak hah pedas gurih 1kg,50000,Markas Makaroni,Kab. Bekasi,500,5.0,Jabodetabek
SEBLAK JELETET MURNI (AJAHH),26500,Seblak Jeletet Murni,Jakarta Pusat,1000,4.9,Jabodetabek
11 BUNGKUS SEBLAK MAMANG PAKET RESELLER,42000,global cookware1,Jakarta Barat,28,5.0,Jabodetabek
Paket Isi 6 Cuanki Instan Lakoca | Batagor Instan | Seblak Basah GFS,93840,Lakoca Official Shop,Cimahi,100,4.8,Luar Jabodetabek
KERUPUK SEBLAK PEDAS DAUN JERUK 100 GR,4500,BociKakang,Jakarta Selatan,500,4.8,Jabodetabek
seblak kencur / okesnack,10000,oke snack,Jakarta Selatan,750,4.9,Jabodetabek
MASJAY Seblak Bumbu Membara Instant - No.1 Street Food Bandung,15000,Lidigeli,Kab. Garut,100,4.9,Luar Jabodetabek
kerupuk ikan mentah putih seblak gurih renyah garing 1000gr - M,26500,Radja Herbal Indonesia,Kab. Bekasi,17,5.0,Jabodetabek
Kerupuk Seblak Vegetarian Snack Vegan,14500,veggieku store,Jakarta Barat,7,4.8,Jabodetabek
kerupuk seblak pedas 1/2 kg / kerupuk seblak ½ - Pedas,20482,Adila_Putri_Snack,Kab.Ciamis,100,4.8,Luar Jabodetabek
Kerupuk Mie Pedas Bantet/ Kerupuk Seblak Keriting Pedas,13500,Homisnack Official,Jakarta Selatan,4,5.0,Jabodetabek
Seblak Instant Homemade Lengkap Bumbu,5000,Pedas Gilaa,Surabaya,3000,4.8,Luar Jabodetabek
seblak instan,4555,tsr1997,Depok,2000,4.8,Jabodetabek
cuanki lidah khas garut 50 pcs enak untuk baso aci dan seblak ( BRY ),15999,aghniya,Tangerang Selatan,500,4.9,Jabodetabek
Cuanki Batagor besar isi 25 pcs toping seblak baso Aci bakso cuanki,8600,Distributor Cuanki dan Seblak,Kab. Bekasi,100,4.9,Jabodetabek
"Seblak Instant ""mBak'Well""",15000,Welly Mart,Tangerang Selatan,100,5.0,Jabodetabek
Seblak Instan Kenyang Murah Asli Bandung Reseller Tanpa Pengawet,6173,Berkah Food Bandung,Cimahi,6000,4.9,Luar Jabodetabek
Kerupuk Pedas Sebring Seblak Keriting Extra Pedas Kencur isi 150 Gram - 150gr,12000,toko kue pundi mas,Jakarta Pusat,100,4.8,Jabodetabek
kerupuk seblak pedas/kerupuk jablai 100gram,8000,Warung Snackk,Tangerang,11,5.0,Jabodetabek
Seblak Tulang Rangu Nyai Mercon,21000,Jajanan Hits (JS),Tangerang Selatan,30,5.0,Jabodetabek
SEBRING KRUPUK KERUPUK SEBLAK KERING PEDAS DAUN JERUK 1KG CABE ASLI,16000,Aydaa Snack,Surakarta,70,4.9,Luar Jabodetabek
"seblak ceker 1 kg pedas daun jeruk, gurih,cemilan bikin nagih",35999,aghniya,Tangerang Selatan,40,5.0,Jabodetabek
SEBLAK BAPPER INSTAN EXTRA HOT,15900,Ss_Frozenfood,Jakarta Timur,250,4.9,Jabodetabek
Krupuk seblak//Krupuk Bantet 250gr,6000,Bunda alifba,Jakarta Barat,40,4.8,Jabodetabek
Seblak Bapper,13999,Pedas Gilaa,Surabaya,250,4.9,Luar Jabodetabek
Seblak Rempah Autentik isi 5 pcs,45000,Kylafood Jakarta,Jakarta Selatan,40,5.0,Jabodetabek
Seblak Putih Pedas / Kerupuk Bawang Pedas Odjolali Oleh Oleh Bsndung,9000,The Little Snacks,Tangerang Selatan,1000,4.9,Jabodetabek
MASJAY Combo 3pcs Seblak Bandung Instant Bumbu Pedas Membara,39000,Lidigeli,Kab. Garut,29,4.7,Luar Jabodetabek
Kerupuk Seblak Viral / Kerupuk Mawar Putih Viral Mentah 250gram,8000,Bumbukeluargakita,Jakarta Barat,18,5.0,Jabodetabek
Seblak Komplit⠀⠀,5500,lisdhacollection,Kab. Garut,2000,4.8,Luar Jabodetabek
Seblak beton extra pedas daun jeruk 500gram,25500,Seblak Guludug Bandung,Kab. Bandung,10,5.0,Luar Jabodetabek
SEBLAK JUMBO + SOSIS INSTANT,5800,Pusat Cuankie & Cemilan Frozen,Jakarta Timur,1000,4.7,Jabodetabek
PAKET MIX HEMAT 25 BASO ACI/BOCI/SEBLAK/CUANKI,45000,ArfaOnlineShop,Tangerang,70,4.9,Jabodetabek
SEBLAK INSTAN SAJODO SNACK,18500,Sajodo Snack & Food,Tasikmalaya,70,5.0,Luar Jabodetabek
KERUPUK SEBLAK KENCUR/SEBLAK CIKRUH BERAT 500 GRAM,22500,aurel prima snack,Jakarta Barat,8,3.7,Jabodetabek
seblak / paket seblak bumbu komplit pedas ekonomis,3479,Grosir Putra Bdg,Kab. Bandung,250,4.9,Luar Jabodetabek
"CUANKI TAHU TOPING BASO ACI, SEBLAK, MIE, ENAK DAN GURIH",18000,global cookware1,Jakarta Barat,90,4.9,Jabodetabek
Omiyago Snack Kerupuk Seblak,6020,omiyago,Jakarta Barat,30,4.8,Jabodetabek
Kerupuk Seblak Kencur Pedas Gurih - Anum Sari - 250 Gram,14000,ANUM SARI,Tangerang Selatan,70,4.9,Jabodetabek
cemilan SEBLAK KARI PEDAS 65gr,4500,oke snack,Jakarta Selatan,100,4.8,Jabodetabek
GFS Seblak Basah Instan Original - Tinggal Seduh 3 Menit Langsung Siap,16618,Lakoca Official Shop,Cimahi,100,4.9,Luar Jabodetabek
Kerupuk Seblak Putih/ Kerupuk Seblak Putih Pedas Daun Jeruk,15000,Homisnack Official,Jakarta Selatan,5,5.0,Jabodetabek
Bundle 3pcs - Seblak Basranger Extra Pedas 200gr Makanan Instan,51900,Rak Sebelah,Jakarta Pusat,50,4.8,Jabodetabek
"CUANKI SIOMAY TOPING BASO ACI, MIE INSTAN, SEBLAK",17500,global cookware1,Jakarta Barat,500,4.8,Jabodetabek
KERUPUK SEBLAK JABLAY 250 GRAM,10000,TOKO KUE MEISYA,Jakarta Pusat,250,4.9,Jabodetabek
KERUPUK KRUPUK JABLAY SEBLAK PELANGI KILOAN TERLARIS 250 GRAM,15000,toko kue pundi mas,Jakarta Pusat,100,4.9,Jabodetabek
KERUPUK SEBLAK RAFAEL PEDAS DAUN JERUK 250GRAM SNACK KILOAN,15000,ajs(ale jaya snack),Jakarta Utara,10,4.7,Jabodetabek
KERUPUK SEBLAK Aneka Warna PEDAS ... HOT,14000,KRIUK JAYA,Jakarta Barat,100,4.7,Jabodetabek
Cuanki lidah standar 150 pcs khas garut untuk baso aci & Seblak K'rasa,39999,aghniya,Tangerang Selatan,500,4.9,Jabodetabek
KERUPUK / KRUPUK SEBLAK RAFAEL RENYAH / GURIH / CRISPY / KRISPY ,6600,TOKO SNACK JAKARTA HENDI,Jakarta Timur,1000,4.8,Jabodetabek
"seblak krupuk 5000 ,pedas dan gurih",4000,anugrah seblak,Kab. Bandung,1000,4.7,Luar Jabodetabek
Makanan Kering Kerupuk Seblak Pedas 100 gram,5000,BLIBET,Jakarta Barat,8,5.0,Jabodetabek
"keripik beling / kaca 1 kg. bumbu seblak daun jeruk enak, gurih, pedas",44999,aghniya,Tangerang Selatan,250,4.8,Jabodetabek
kerupuk seblak pedas / kerupuk jablay,15000,CAMILLANS,Jakarta Selatan,17,4.9,Jabodetabek
Kerupuk Merah Seblak 250gr BANDUNG,4950,yohangunawan94,Bandung,750,5.0,Luar Jabodetabek
SEBLAK COET BY NYEMILSAJI,15287,nyemilsaji,Kab. Bandung,60,5.0,Luar Jabodetabek
Seblak Uleg Ala Mamang Rafael,9000,Ghery Durian Shop,Jakarta Timur,25,5.0,Jabodetabek
Seblak Ceker Instant | Seblak Ceker Cap Dia Putra | Seblak Ceker,7500,GshoesTreatment,Kab. Bogor,29,5.0,Jabodetabek
SEBLAK CEKER CAP DUA PUTRA ISI 20 X 10 gram,9000,HRNWN STORE,Kab. Tangerang,11,5.0,Jabodetabek
Kerupuk Seblak Kencur / Seblak Jablay Viral @100-500gr,9000,Toko Camilan Anyar,Surabaya,80,4.9,Luar Jabodetabek
SEBLAK COBEK VIRAL ALA RAFAEL DIJAMIN ENAK,6000,Uai Food,Surabaya,80,4.7,Luar Jabodetabek
Kerupuk Seblak Pedas 200gram,17000,toko bemo,Jakarta Timur,100,4.8,Jabodetabek
Kerupuk seblak orens / kerupuk sari laut orange mentah,5800,home_nature,Kab. Tangerang,60,5.0,Jabodetabek
Bakso Aci Seblak Mie instant baso kekinian halal murah enak,6999,Maya Light Electro,Tangerang,30,4.6,Jabodetabek
SEBLAK INSTAN MOMMY,13500,Rav Jaya Display,Kab. Tangerang,1000,4.8,Jabodetabek
Mie Seblak Geprek Sami Raos Khas Garut Seblak Instant Kekinian 160gr,17160,Foodstocks,Jakarta Selatan,80,4.9,Jabodetabek
kerupuk seblak kering enak gurih,5000,RIKI STORE 97,Kab. Bogor,250,4.8,Jabodetabek
Kerupuk Merah/Kerupuk Seblak Mentah,7000,Nyonya Sayur,Jakarta Pusat,100,5.0,Jabodetabek
GURILEM MINI 1KG Siomay Kering Toping Baso Aci Cuanki Seblak,29999,Pedas Gilaa,Surabaya,750,4.9,Luar Jabodetabek
KERUPUK SEBLAK SAMBAL KRUPUK KERITING KECIL Mentah Krupuk,7900,Iguazabest777,Kab. Tangerang,50,4.9,Jabodetabek
Seblak Instan Jontor Plus Bumbu Kencur - Seblak Pedas Medok,7600,snackbox88,Bekasi,30,5.0,Jabodetabek
KERUPUK SEBLAK RAFAEL KERING BANTAT PEDES DAUN JERUK 250gr,16000,AyundaSnack,Bandung,50,4.8,Luar Jabodetabek
Mamafuji - PROMO BUNDLING !!! SEBLAK & BAKSO ACI,41999,Mama Fuji Official,Tangerang,50,4.6,Jabodetabek
TOPPING SEBLAK/BASO ACI PAKET MIX TERMURAH/CUANKI/CUANKIE,34999,ArfaOnlineShop,Tangerang,100,4.9,Jabodetabek
Seblak Instan Sehati,13000,Official Kartika Sari,Bandung,500,5.0,Luar Jabodetabek
Bumbu Seblak - Cairo Food,25500,Cairo Food,Jakarta Pusat,29,5.0,Jabodetabek
Seblak Merah Pedas / Kerupuk Bawang Oleh Oleh Bandung Odjolali,9000,The Little Snacks,Tangerang Selatan,500,4.9,Jabodetabek
SEBLAK JUARA INSTAN MASAK BASAH ASLI BANDUNG ENAK MANTAP - Original,22000,Rasa Juara Indonesia,Kab. Bandung,1000,4.9,Luar Jabodetabek
Kerupuk Mawar Tipis Merk Singa Kerupuk Seblak Kerupuk Mentah - 1kg,28130,Djuragan Kerupuk,Surabaya,4,5.0,Luar Jabodetabek
siomay mini kering 1kg toping seblak baso aci,25000,CUANKI CULAMETAN,Kab. Garut,100,4.9,Luar Jabodetabek
Seblak Juara ! Seblak Instan Rasa Original - 2 Ori 4 Rd,115000,Rasa Juara Indonesia,Kab. Bandung,2000,4.9,Luar Jabodetabek
BASO ACI INSTANT x SEBLAK INSTANT - HALU! EMAK INDAH FOOD,44600,Pempek Emak Indah,Jakarta Barat,50,4.9,Jabodetabek
krupuk stik seblak pedas-200gram,13500,yumnaa snack,Kab. Bekasi,30,5.0,Jabodetabek
snack kiloan kerupuk seblak pedas nagih 250 gram free bubble warp,16000,camilaNung,Bekasi,500,4.8,Jabodetabek
seblak instan jawara pedas sehot bandung,13000,cemilan Bandungstore,Cimahi,60,4.9,Luar Jabodetabek
Baso urat djuara sami raos/Baso Aci Urat /Seblak,26000,Snackzone PP,Jakarta Pusat,25,5.0,Jabodetabek
Paket Isi 6 Makaroni Basah Instan | Seblak Basah Instan,93840,Lakoca Official Shop,Cimahi,15,4.8,Luar Jabodetabek
seblak super hot isi 24 pcs ,10800,Toko JJ Cleon,Palembang,15,4.8,Luar Jabodetabek
Seblak Mommy,13900,Gerai Snack Official Shop,Kab. Tangerang,2000,4.6,Jabodetabek
TAHU STICK / TAHU KERITING ISI 50 PCS TOPPING BASO ACI / SEBLAK,18000,Pusat Cuankie & Cemilan Frozen,Jakarta Timur,30,5.0,Jabodetabek
Kerupuk SEBLAK MAWAR Rafael - Cikruh Daun Jeruk ( 1 KG ),79000,KRIUK JAYA,Jakarta Barat,7,5.0,Jabodetabek
Kerupuk SEBLAK KERITING PEDAS,20000,KRIUK JAYA,Jakarta Barat,100,4.9,Jabodetabek
SEBLAK JELETET MURNI ( BOHAYY),34000,Seblak Jeletet Murni,Jakarta Pusat,750,4.8,Jabodetabek
kerupuk seblak pedas daun jeruk,5000,RIKI STORE 97,Kab. Bogor,100,4.7,Jabodetabek
Seblak Instan KSN,10000,Ohayo Bento New,Jakarta Timur,30,4.8,Jabodetabek
cuanki/cuankie lidah 50 pcs khas Garut topping baso Aci/seblak/boci,16999,ArfaOnlineShop,Tangerang,100,4.9,Jabodetabek
Cuanki Lidah Kerupuk Cuanky Topping Baso Aci Seblak isi 150 Pcs,33000,Kerabat Official Store,Kab. Tasikmalaya,100,4.9,Luar Jabodetabek
Soun Seblak Geprek SAMI RAOS Khas Garut - Soun Seblak,19500,Foodstocks,Jakarta Selatan,30,4.8,Jabodetabek
Paket 5 pcs Seblak Instan Ceu Nthien terdekat Viral,85000,Central Seblak Nusantara,Tangerang Selatan,17,5.0,Jabodetabek
Baso urat djuara sami raos/Baso Aci Urat /Seblak,26000,Snackzone KK,Jakarta Selatan,8,5.0,Jabodetabek
kerupuk seblak kering pedas 500 gr hot spicy keripik enak,22000,JAGO TOK PETOK,Surabaya,100,4.9,Luar Jabodetabek
Kerupuk Orange 250 gr Krupuk Sumber Sari Seblak Sumbersari Oren Merah,6500,Celikafood,Bandung,100,4.9,Luar Jabodetabek
Kerupuk Seblak viral /Kerupuk Mawar Mentah 500gram,15000,Bumbukeluargakita,Jakarta Barat,11,4.0,Jabodetabek
Kerupuk Seblak Pedas Gurih aroma Kencur,15000,DUO BOCIL SNACK,Depok,1000,4.7,Jabodetabek
seblak instan carla komplit batagor siomay jajanan khas bandung,14500,humaniss,Tangerang Selatan,10,5.0,Jabodetabek
Kerupuk Bawang Mentah Premium / Krupuk Seblak Warna Warni 1 Kg,21500,Sinar Baru Group,Jakarta Selatan,80,4.9,Jabodetabek
MAKARONI bantet 70gr krupuk SEBLAK krupuk UDANG KERUPUK BANTET,2600,NomeL Shop,Surabaya,500,4.8,Luar Jabodetabek
KRUPUK / KERUPUK MENTAH / KERUPUK SEBLAK MENTAH 1kg SLONDOK,21000,SuperSnacksShop,Kab. Bandung,250,4.9,Luar Jabodetabek
5 Pack Seblak Instant CARLA,67500,Seblak carla,Tangerang,40,5.0,Jabodetabek
SEBLAK ACI JAGUAR TERLEZAT BASO ACI BAKSO ACI NIKMAT BELI 5 GRATIS 1,10000,Uai Food,Surabaya,750,4.8,Luar Jabodetabek
YIMS seblak instant pedas napol termurah khas garut kerupuk seblak teh,5500,Yimshop,Semarang,250,4.7,Luar Jabodetabek
Kerupuk mawar putih mentah 1ball (5kg)/kerupuk seblak viral rafael,105000,Semesta kerupuk,Tangerang Selatan,30,5.0,Jabodetabek
Sebring seblak kering,4444,tsr1997,Depok,100,4.8,Jabodetabek
KERUPUK SEBLAK MENTAH 1KG WARNA WARNI,23500,BociKakang,Jakarta Selatan,250,5.0,Jabodetabek
Seblak Blak mie,11000,ken-olshop,Bekasi,250,5.0,Jabodetabek
MIE BURUNG DARA ISI 30 PCS BASO ACI/BOCI/SEBLAK,26000,ArfaOnlineShop,Tangerang,40,4.6,Jabodetabek
SEBLAK KERING PEDAS DAUN JERUK,4500,BociKakang,Jakarta Selatan,750,4.6,Jabodetabek
kerupuk mix 100 gram campuran seblak,2999,ArfaOnlineShop,Tangerang,20,5.0,Jabodetabek
KERUPUK JABLAY/KERUPUK SEBLAK RASA PEDAS,19500,aurel prima snack,Jakarta Barat,17,5.0,Jabodetabek
SIOMAY MINI KERING 250 GRAM BASO ACI/BOCI/SEBLAK/CUANKI/CUANKIE,9999,ArfaOnlineShop,Tangerang,80,4.9,Jabodetabek
KERUPUK PEDAS SEBLAK JABLAY WARNA WARNI KILOAN TERLARIS 25OGR,15000,TOKO KUE MEISYA 2,Jakarta Pusat,50,4.9,Jabodetabek
Somay mini Gurilem batagor mini toping seblak baso Aci cuanki 1kg,28500,Distributor Cuanki dan Seblak,Kab. Bekasi,100,4.8,Jabodetabek
kerupuk bawang mentah -+5kg untuk seblak warna warni. wajib grab/gojek,68500,olshoppwgi,Tangerang Selatan,12,5.0,Jabodetabek
Kerupuk Seblak Pedas Gurih Kencur 250 Gram - Tam Snack,14000,TAM SNACK,Depok,100,4.8,Jabodetabek
KERUPUK SEBLAK PUTIH PEDAS 250 gr,16000,Kurniarasa Baltos,Bandung,100,4.9,Luar Jabodetabek
Kerupuk mawar putih mentah 500gram / kerupuk ikan mentah /seblak viral,12000,Semesta kerupuk,Tangerang Selatan,90,5.0,Jabodetabek
KERUPUK / KRUPUK SEBLAK RASA PEDAS / TERLARIS / KILOAN 500 GR,31164,Toko kue Sumber Mas,Jakarta Timur,100,4.8,Jabodetabek
krupuk seblak pedas daun jeruk,10000,toko cemilan rafiqi,Jakarta Barat,100,5.0,Jabodetabek
KERUPUK / KRUPUK SEBLAK RASA PEDAS / TERLARIS / KILOAN 1 KG,60102,Toko kue Sumber Mas,Jakarta Timur,90,4.9,Jabodetabek
Kerupuk Seblak,8000,SNACK JAKARTA 411,Jakarta Barat,250,5.0,Jabodetabek
Kerupuk seblak bantet pedas 75 gr enak renyah,4500,RIKI STORE 97,Kab. Bogor,3,5.0,Jabodetabek
kerupuk bawang orange seblak - 250 gr,8500,annamustikashop,Jakarta Barat,30,5.0,Jabodetabek
SEBLAK INSTANT HALU - SEBLAK MIE HALU - EMAK INDAH FOOD,19999,Pempek Emak Indah,Jakarta Barat,250,4.7,Jabodetabek
seblak kerupuk bantet kering 75 gram,5000,RIKI STORE 97,Kab. Bogor,90,4.7,Jabodetabek
Kerupuk Seblak Kencur Pedas Gurih - Anum Sari,14000,ANUM SARI,Tangerang Selatan,70,4.9,Jabodetabek
Seblak Ceker Cap Dua Putra,8000,Medina Snack Grosir,Kab. Sukabumi,100,5.0,Luar Jabodetabek
Seblak Rafael Original Asli 100% (Ready Stock) seblak coet @rafaeltan,38000,Eldenta Shop,Surabaya,50,5.0,Luar Jabodetabek
"Kylafood Paket ( Seblak Original, Batagor, Cireng Rujak, Boci Goang)",71250,kylafood,Bandung,500,4.9,Luar Jabodetabek
Somay mini Gurilem batagor mini toping seblak baso Aci cuanki 500 gr,13999,Distributor Cuanki dan Seblak,Kab. Bekasi,100,4.9,Jabodetabek
[PUTRI] Seblak Instan Ceu Nthien Khas Bandung Rasana Ngeunah Pisan,17000,Central Seblak Nusantara,Tangerang Selatan,1000,5.0,Jabodetabek
Kerupuk Seblak kering pedas RIKI,8800,Van Kios,Bandung,1000,4.9,Luar Jabodetabek
Seblak Rafael,25000,Seblak Rafael Official,Kab. Garut,40,4.8,Luar Jabodetabek
cuanki lidah asli garut isi 150 pcs,31000,kira3arut,Kab. Garut,9000,4.9,Luar Jabodetabek
[PUTRI] Seblak Instan Ceu Nthien Khas Bandung Rasana Ngeunah Pisan - Batagor Kuah,17000,Central Seblak Nusantara,Tangerang Selatan,1000,5.0,Jabodetabek
Gelifood Combo 3pcs Seblak Ceker Tanpa Tulang Super Pedas,60000,Lidigeli,Kab. Garut,24,4.2,Luar Jabodetabek
Cancimen Seblak Ramen Mas Miun Instan Cemilan Cup Kekinian Khas Garut,17000,The Little Snacks,Tangerang Selatan,60,5.0,Jabodetabek
cuanki tahu kering seblak isi 50 pcs toping seblak baso aci,12500,CUANKI CULAMETAN,Kab. Garut,250,4.9,Luar Jabodetabek
Kerupuk Seblak Pedas/Kerupuk Seblak Bantet Pedas 250 Gram,12500,jsr rempah indonesia,Jakarta Selatan,17,5.0,Jabodetabek
Kerupuk Pedas Sebring Seblak Keriting Extra Pedas Kencur isi 150 Gram,12000,toko kue pundi mas,Jakarta Pusat,100,4.8,Jabodetabek
KERUPUK MENTAH KERUPUK SEBLAK MENTAH 500 GR,12500,BociKakang,Jakarta Selatan,100,4.9,Jabodetabek
BASRENG 1 KG SEBLAK DAUN JERUK PURUT SUPER PEDAS ORIGINAL SUPER RENYAH,51771,Grosir Besar Kalimantan,Banjarbaru,16,5.0,Luar Jabodetabek
3 BASO ACI FREE SEBLAK SAJODO SNACK & FOOD,63000,Sajodo Snack & Food,Tasikmalaya,17,5.0,Luar Jabodetabek
Kylafood Paket 2 Seblak Original 3 Batagor Kuah,96375,kylafood,Bandung,250,4.9,Luar Jabodetabek
SEBLAK ACI JAGUAR BASO ACI BAKSO ACI NIKMAT BELI 5 GRATIS 1,10000,Uai Food,Surabaya,30,4.4,Luar Jabodetabek
"Paket Happy (Seblak Original, Batagor Kuah, Bacil)",55875,kylafood,Bandung,500,4.9,Luar Jabodetabek
seblak ceker pedas (Snack Cemilan) . Seblak Ceker Snack Makanan Ringan,12000,rendy store snack,Tangerang Selatan,100,4.9,Jabodetabek
Seblak Instan Carla 100gr,14000,3Key Frozen,Tangerang,30,5.0,Jabodetabek
"siomay mini kering 250 gr enak renyah untuk basoaci,seblak,cemilan dll",9999,aghniya,Tangerang Selatan,100,4.8,Jabodetabek
Cireng Seblak Instan,18500,JajananArkanAnin,Kab. Bogor,6,5.0,Jabodetabek
seblak ceker pedas,8950,snack_it,Tangerang Selatan,250,4.9,Jabodetabek
Pilus Cikur 1Kg Khas Garut Topping Baso Aci / Seblak,28000,Pedas Gilaa,Surabaya,500,4.9,Luar Jabodetabek
KERUPUK SEBLAK / SEBLAK GORENG / SEBLAK KERING RAFAEL / KRUPUK PEDAS,16000,ngemildotcom,Depok,16,5.0,Jabodetabek
Bumbu Seblak 200 g Dengan Kerupuk,34980,MSH Rempah,Jakarta Selatan,80,5.0,Jabodetabek
BUMBU KENCUR SEBLAK INSTANT,1200,Pusat Cuankie & Cemilan Frozen,Jakarta Timur,500,5.0,Jabodetabek
Seblak Bantat Boboko Pedas Daun Jeruk Level 13 Khas Bandung 200g,18700,Gerai Snack Official Shop,Kab. Tangerang,100,4.7,Jabodetabek
Kylafood Seblak Rempah Autentik isi (5pcs),45235,kylafood,Bandung,100,4.6,Luar Jabodetabek
seblak keong pedas maknyus - 100 gram,10000,jajansnacks jkt,Jakarta Barat,100,4.9,Jabodetabek
Kylafood Mix Fav Selebgram Seblak Original & Batagor kuah,32500,kylafood,Bandung,50,4.4,Luar Jabodetabek
Basranger Baso Aci Cuanki Extra Pedas 200gr - Makanan Instan Premium,23400,Rak Sebelah,Jakarta Pusat,100,4.9,Jabodetabek
 Kylafood Seblak karuhun,10530,kylafood,Bandung,4000,4.8,Luar Jabodetabek
KERUPUK SEBLAK 250gr / KRUPUK SEBLAK DAUN JERUK / SEBLAK PEDAS,12500,Dapur Sehat21,Kab. Bandung,100,4.9,Luar Jabodetabek
kerupuk seblak cocol mentah viral mawar 100gram,5000,cemilanceuromlah,Bandung,250,5.0,Luar Jabodetabek
keripik seblak/Seblak Kering/Kerupuk Bantat/Sebring/mak cudot 70gr,5125,mak_cudot,Jakarta Utara,10,5.0,Jabodetabek
kerupuk seblak kencur pedas gurih,5500,RIKI STORE 97,Kab. Bogor,40,4.6,Jabodetabek
"Kerupuk seblak rafael 1 Kg, 500 Gr, 250 Gr, 100 gr",11000,Sari Barokah Mandiri,Tangerang,7,5.0,Jabodetabek
10 BUNGKUS SEBLAK COBEK ALA RAFAEL,40000,global cookware1,Jakarta Barat,5,5.0,Jabodetabek
SEBLAK BANTAT PEDES DAUN JERUK 250GR,18000,Madinah Oleh Oleh Bdg,Bandung,100,4.9,Luar Jabodetabek
GRATIS KARDUS CUANKI MIX MURAH - BISA COD - TOPING SEBLAK - BASO ACI,30000,Distributor Cuanki dan Seblak,Kab. Bekasi,40,4.8,Jabodetabek
Sabring kerupuk seblak kering pedas 75 gram,5000,RIKI STORE 97,Kab. Bogor,28,4.2,Jabodetabek
"SAWARGI Snack, Kerupuk seblak, Seblak kering, Sebring, 1/4kg",17000,Sawargi Snack,Bandung,250,4.8,Luar Jabodetabek
Kylafood Mix Pentol Kuah dan Seblak Original,39500,kylafood,Bandung,16,5.0,Luar Jabodetabek
Geli Chips - Seblak Kering Pedas Gurih Daun Jeruk 65gr,10200,Foodstocks,Jakarta Selatan,30,5.0,Jabodetabek
Kylafood Seblak Rempah Autentik isi (10pcs),90470,kylafood,Bandung,50,4.9,Luar Jabodetabek
Seblak Pedas Kicimpring Iyagasih,15000,Gerai Singawada,Kab. Majalengka,6,5.0,Luar Jabodetabek
SEBRING 250 GRAM / KERUPUK SEBLAK MAWAR,14000,Dapur Sehat21,Kab. Bandung,11,5.0,Luar Jabodetabek
Sabring kerupuk seblak jablay pedas Jumbo,15000,RIKI STORE 97,Kab. Bogor,20,4.8,Jabodetabek
Bumbu seblak instant 10pcs,16022,arjuna shop1,Bandung,750,4.9,Luar Jabodetabek
Cuanki Lidah 50 pcs topingan seblak baso Aci bakso cuanki,13500,Distributor Cuanki dan Seblak,Kab. Bekasi,250,4.8,Jabodetabek
kerupuk seblak polos pedas 500gr jajanan cemilan sneck makanan keripik,20000,pelangi khatulistiwa 2,Surabaya,40,4.9,Luar Jabodetabek
KRUPUK SEBLAK BANTET KENCUR 250gr / SNACK KILOAN MURAH / SEBLAK CIKUR,8999,almasnack,Kab. Bekasi,50,4.9,Jabodetabek
"siomay pedas kering,daun jeruk,500g,cemilan pedas,seblak,siomay bandun",23000,anugrah seblak,Kab. Bandung,250,4.7,Luar Jabodetabek
SEBLAK INSTAN | SEBLAK INSTAN HOMEMADE SUPER LENGKAP,4999,Kairashop_id,Surabaya,19,4.4,Luar Jabodetabek
KERUPUK PEDAS JABLAY PELANGI 500gr / Seblak Kering Bantat Seblak,32198,AHR Jaya Snack,Jakarta Timur,10,5.0,Jabodetabek
Kerupuk Mentah seblak 1kg,18000,DINAYASHOP,Jakarta Barat,70,4.5,Jabodetabek
KERUPUK STIK SEBLAK 200 GRAM,12500,GUPONG ABIMANYU,Depok,17,5.0,Jabodetabek
baso aci / seblak instan/ batagor kuah milanial,5999,Suncity.,Kab. Tangerang,2000,4.9,Jabodetabek
Kerupuk Joged Bawang Bibir Warna Warni mentah 500gr Seblak,12000,insanprimastore,Tangerang Selatan,20,4.9,Jabodetabek
Cuanki tahu Gepeng Geprek isi 20 pcs toping seblak baso Aci baso,8500,Distributor Cuanki dan Seblak,Kab. Bekasi,80,4.8,Jabodetabek
"seblak kerupuk kering,pedo,krupuk mawar,pedas daun jeruk,kerupuk gelun",5000,SEBLAK MANTUL,Kab. Bandung,90,4.9,Luar Jabodetabek
kerupuk seblak bintang pedas,15500,keyz shop78,Bandung,60,4.8,Luar Jabodetabek
CAMILAN SEBLAK PEDAS 250GR JAJANAN OLEH-OLEH SNACK KILOAN CAMILAN KILO,12500,LARISSA SNACK STORE,Semarang,100,4.8,Luar Jabodetabek
(PROMO MURAH) Seblak instan jajanan khas bandung by karoppotta,8380,karoppotta official,Makassar,60,4.9,Luar Jabodetabek
[READY MEDAN] Extra Topping Baso Aci Cuanki Seblak - Tahu Siomay Mini,4000,CemilanPuas,Medan,250,4.4,Luar Jabodetabek
"(COD) seblak kering kerupuk jengkol bumbu basah,pedas",25000,anugrah seblak,Kab. Bandung,40,4.8,Luar Jabodetabek
kerupuk seblak kencur / kerupuk seblak kering - 250gram,13000,yumnaa snack,Kab. Bekasi,40,4.8,Jabodetabek
Kerupuk Seblak Jeruk,14000,oke snack,Jakarta Selatan,250,4.9,Jabodetabek
Mommy Seblak Basah Instan 100gr,9750,Fortuneolshop888,Kab. Bogor,250,4.9,Jabodetabek
Seblak MOMMY Cemilan yang Luar Biasa,11400,ErJu,Bandung,10000,4.7,Luar Jabodetabek
KERUPUK PEDAS SEBLAK PELANGI 250 GR,15000,TOKO KUE MEISYA 2,Jakarta Pusat,30,5.0,Jabodetabek
"cuanki sohu khas garut -+100 btr enak,renyah cocok baso aci,seblak dll",14999,aghniya,Tangerang Selatan,250,5.0,Jabodetabek
COMBO HALU! 2PC SEBLAK MIE HALU - EMAK INDAH FOOD,39600,Pempek Emak Indah,Jakarta Barat,50,5.0,Jabodetabek
TOPPING SEBLAK/baso Aci paket mix super murah khas Garut/cuanki/siomay,69999,ArfaOnlineShop,Tangerang,90,4.9,Jabodetabek
Kylafood Seblak Karuhun Play,10530,kylafood,Bandung,250,4.9,Luar Jabodetabek
Kylafood Seblak Mie Baso,21450,kylafood,Bandung,4000,4.9,Luar Jabodetabek
SEBLAK ACI INSTAN JAGUAR TERLEZAT MIE SEBLAK INSTANT JAGUAR SEBLAK - Seblak Aci Ayam,10000,Uai Food,Surabaya,80,5.0,Luar Jabodetabek
Kylafood Paket (3 Seblak Original 2 Batagor kuah) ,91125,kylafood,Bandung,3000,4.9,Luar Jabodetabek
seblak instan om brewok,14000,Muysproduct,Kab. Bogor,2,5.0,Jabodetabek
Kylafood Seblak Mie Baso Sapi Play,21450,kylafood,Bandung,250,4.9,Luar Jabodetabek
Bakso Aci Instan Murah Asli Bandung Frozen Baso Cilok Kuah Kenyang,5702,Berkah Food Bandung,Cimahi,10000,4.9,Luar Jabodetabek
Kylafood Seblak Tulang Rawan Play,19110,kylafood,Bandung,500,4.9,Luar Jabodetabek
seblak instan mie bakso om brewok,16000,Muysproduct,Kab. Bogor,5,5.0,Jabodetabek
kerupuk seblak bantet kemasan,5000,arsensnack,Kab. Bekasi,22,4.9,Jabodetabek
kerupuk seblak extra pedas murah meriah,5000,RIKI STORE 97,Kab. Bogor,12,4.7,Jabodetabek
Kerupuk Seblak bumbu kacang,13000,Allsnackbandung,Bandung,100,5.0,Luar Jabodetabek
SEBLAK KERING 100gr DUA VARIAN RASA,4500,jajanangarut19,Jakarta Selatan,100,4.7,Jabodetabek
Kylafood Seblak Tulang Rawan,24500,kylafood,Bandung,8000,4.9,Luar Jabodetabek
BASO ACI TULANG RANGU 100 GR,21700,Rak Sebelah,Jakarta Pusat,3000,4.9,Jabodetabek
PAKET HEMAT (2 Seblak original - Seblak Karuhun - Cireng Bumbu Rujak),56250,kylafood,Bandung,750,4.9,Luar Jabodetabek
Baso Aci Mak Igun / Bakso Aci Tulang Rangu Mak Igun - Tulang Rangu,41650,Foodstocks,Jakarta Selatan,100,4.9,Jabodetabek
Kylafood Seblak Rempah Autentik isi (20 pcs),216630,kylafood,Bandung,10,5.0,Luar Jabodetabek
Seblak Instan LALA komplit rasa mantap ngeunah raos pisan khas Bandung,60000,Seblak carla,Tangerang,90,5.0,Jabodetabek
"makaroni kriuk 500g pedas extra daun jeruk,cemilan nikmat,seblak,makan",23000,anugrah seblak,Kab. Bandung,250,4.8,Luar Jabodetabek
1kg GURILEM Siomay Mini bahan Pelengkap Boci seblak dan cuanki,29500,lahawelah,Kab. Garut,750,4.9,Luar Jabodetabek
Kerupuk Seblak 100 gram-Tantaz Snack,6500,tantaz_Snack,Tangerang Selatan,23,4.8,Jabodetabek
KRUPUK / KERUPUK MENTAH / KERUPUK SEBLAK MENTAH 1kg POCO / PUYUR,21000,SuperSnacksShop,Kab. Bandung,90,4.8,Luar Jabodetabek
kerupuk mix 250 gram campuran seblak,7399,ArfaOnlineShop,Tangerang,70,5.0,Jabodetabek
SEBLAK INSTAN special bumbu kencur rasa lezat,5999,aghniya,Tangerang Selatan,2000,4.8,Jabodetabek
kerupuk seblak keriting/seblak bulat/kerupuk keriting pedas,15000,shofia snack bekasi,Kab. Bekasi,100,4.7,Jabodetabek
Kylafood Basreng pedas kemasan 100g,13900,kylafood,Bandung,750,4.9,Luar Jabodetabek
CUANKIE PARAHYANGAN INSTAN RASA CUANKIE ASELI - OLEH OLEH BANDUNG,19500,Cuankie Parahyangan,Kab. Bandung Barat,9,5.0,Luar Jabodetabek
Kylafood Seblak Mie Tulang Rawan,25500,kylafood,Bandung,3000,4.9,Luar Jabodetabek
Keripik Singkong Balado Christine Hakim,36000,Pisang Goreng Madu Bu Nanik,Jakarta Barat,2000,4.9,Jabodetabek
KERUPUK PEDAS KRIWIL 500gr / KRUPUK SEBLAK SUPER PEDAS,32200,AHR Jaya Snack,Jakarta Timur,9,5.0,Jabodetabek
cuanki/cuankie lidah isi 50 pcs khas Garut baso Aci/boci/seblak,16999,ArfaOnlineShop,Tangerang,80,4.9,Jabodetabek
SEBLAK CIRENG SHAZA SEBLAK INSTAN,12000,Dingdong Food,Tangerang Selatan,70,4.9,Jabodetabek
kerupuk seblak Pedas 75 gram gurih,5000,RIKI STORE 97,Kab. Bogor,6,4.0,Jabodetabek
"Bumbu asin gurih extra rempah 250 gr. Untuk kuah baso aci,seblak dll",15999,aghniya,Tangerang Selatan,250,4.9,Jabodetabek
"SIOMAY MINI 1 BALL ISI 5 KILO TOPING BASO ACI, SEBLAK",150000,global cookware1,Jakarta Barat,100,4.8,Jabodetabek
aneka kerupuk mix untuk bahan seblak 100 gr,3499,aghniya,Tangerang Selatan,100,4.9,Jabodetabek
Kerupuk RANTAI 250gr SEBLAK Warna Warni,4987,yohangunawan94,Bandung,500,5.0,Luar Jabodetabek
aneka kerupuk mix untuk bahan seblak 500 gr,14999,aghniya,Tangerang Selatan,100,5.0,Jabodetabek
 Kylafood Paket 4 Seblak Original 1 Batagor,85875,kylafood,Bandung,1000,4.9,Luar Jabodetabek
jagung marning 250 gr,16000,oke snack,Jakarta Selatan,500,4.9,Jabodetabek
Kylafood Seblak Original Isi 10 pcs,167700,kylafood,Bandung,13,5.0,Luar Jabodetabek
Kylafood Basreng Pedas 1000g,72800,kylafood,Bandung,70,5.0,Luar Jabodetabek
Kylafood Toping Batagor,9360,kylafood,Bandung,2000,4.9,Luar Jabodetabek
STIK KERUPUK SEBLAK PEDAS 250 GRAM,20000,Akang Kripik,Jakarta Timur,15,5.0,Jabodetabek
Ready seblak basreng pedas daun jeruk 1kg basreng bandung renyah gurih,50000,seblak bandung99,Kab. Bandung,750,4.9,Luar Jabodetabek
KRUPUK KREBO 180GR/KRUPUK KRIBO SEBLAK PEDAS/CEMILAN MURAH/SNAC KILOAN,11500,Agen Snack Murah,Jakarta Barat,100,4.7,Jabodetabek
Kerupuk Krupuk Seblak Putih Kering Pedas Oleh Oleh Bandung Odjolali,10500,Storio Store,Tangerang Selatan,30,4.5,Jabodetabek
Kerupuk seblak pedas 75 gram,5000,RIKI STORE 97,Kab. Bogor,20,4.0,Jabodetabek
Kerupuk indosari gado gado dan seblak,18900,Agen bawang goreng mas YO,Kab. Bogor,100,4.9,Jabodetabek
krupuk seblak bumbu kacang,16800,H Nugraha,Bandung,30,4.8,Luar Jabodetabek
Seblak Tulang Rawan k.y.l Kylafood (Spesial Panen Telur),17550,kylafood,Bandung,30,5.0,Luar Jabodetabek
Cipet somay kering segitiga isi 20 pcs toping seblak baso Aci cuanki,6999,Distributor Cuanki dan Seblak,Kab. Bekasi,100,4.8,Jabodetabek
SEBLAK INSTAN SIAP SAJI,15897,nyemilsaji,Kab. Bandung,1000,4.8,Luar Jabodetabek
Kerupuk seblak/bawang /500 gr,13000,fanyshop1,Jakarta Selatan,70,4.9,Jabodetabek
CEMILAN BOX MAKARONI SPIRAL GELUNG KERUPUK SEBLAK STICK PANGSIT,35789,nyemilsaji,Kab. Bandung,750,4.8,Luar Jabodetabek
Makanan Ringan Seblak Makaroni Spiral Pedas Kering,5000,BLIBET,Jakarta Barat,6,5.0,Jabodetabek
Kerupuk Seblak Pedas 200gr,12000,Utama.Snack,Surabaya,500,4.9,Luar Jabodetabek
Seblak Instan,11500,RN FROZEN FOOD,Jakarta Selatan,50,4.9,Jabodetabek
Kerupuk Seblak Mentah/ Krupuk Seblak Viral/ Kerupuk Mawar 5kg,109750,Makanan Tradisi Id,Jakarta Pusat,11,5.0,Jabodetabek
Sukro pilus Cikur Sari rasa 1kg - toping seblak - baso aci,35000,Distributor Cuanki dan Seblak,Kab. Bekasi,100,4.8,Jabodetabek
Pasar Keripik Cimol Seblak Pedas size Kecil 130g,12500,Pasar Keripik Bandung,Bandung,500,4.9,Luar Jabodetabek
paket kerupuk seblak,50000,cemalcemil_skuy,Tangerang,100,5.0,Jabodetabek
Kerupuk seblak kering kencur 500gram /seblak kering pedas daun jeruk,24700,oyun kriukzz,Kab. Bekasi,750,4.9,Jabodetabek
KERUPUK PEDAS JABLAY PELANGI 1kg / Seblak Kering Kerupuk Bantat Seblak,62098,AHR Jaya Snack,Jakarta Timur,6,5.0,Jabodetabek
"Kerupuk seblak/jablay pedas snack kiloan cemilan original, exp panjang",8500,amarsha_shop,Jakarta Utara,100,4.6,Jabodetabek
SEBRING CAMPUR/ Seblak kering Bumbu kacang/ varian pedas-original,20000,KailaAini_collection,Kab. Bandung,60,5.0,Luar Jabodetabek
PAKET MIX HEMAT 50 BASO ACI/BOCI/SEBLAK/CUANKI,85000,ArfaOnlineShop,Tangerang,40,5.0,Jabodetabek
baso Aci/boci/seblak CUANKI LIDAH KHAS GARUT MURAH isi 100 pcs,39999,ArfaOnlineShop,Tangerang,6,5.0,Jabodetabek
Kerupuk SEBLAK KERITING PEDAS ( 1 Kg ),79000,KRIUK JAYA,Jakarta Barat,8,5.0,Jabodetabek
Kerupuk Seblak Kencur Gurih Asin Pedas 10 pcs/pak,7000,SerbaAda_6699,Bandung,30,5.0,Luar Jabodetabek
seblak instan KSN frozen,10400,Pelangi Girls Naget 2,Depok,100,5.0,Jabodetabek
SEBLAK INSTAN KARASA,5999,aghniya,Tangerang Selatan,500,4.9,Jabodetabek
cuanki lidah untuk baso aci dan seblak,15999,aghniya,Tangerang Selatan,1000,4.8,Jabodetabek
Seblak Instant Homemade,14000,Tea78,Tangerang,21,5.0,Jabodetabek
kerupuk seblak mentah kerupuk bawang 250gr,11900,BuyungBumbu,Jakarta Pusat,70,4.8,Jabodetabek
Seblak Bantat Boboko Pedas Daun Jeruk Level 20 Khas Bandung 125g,17700,Gerai Snack Official Shop,Kab. Tangerang,30,4.9,Jabodetabek
50pcs LIDAH Cuanki Batagor bahan Pelengkap Boci seblak dan cuanki,17999,lahawelah,Kab. Garut,250,4.9,Luar Jabodetabek
Seblak Original k.y.l Kylafood (Spesial Panen Telur),16770,kylafood,Bandung,1000,4.9,Luar Jabodetabek
Pilus Cikur Topping Baso Aci / Seblak,11500,Pusat Cuankie & Cemilan Frozen,Jakarta Timur,250,4.8,Jabodetabek
Seblak Teh Betty Instant Travelsize,12500,baksorusukjossofficial,Bekasi,5,5.0,Jabodetabek
aneka kerupuk mix untuk bahan seblak 1 kg,24999,aghniya,Tangerang Selatan,100,5.0,Jabodetabek
Seblak Instant Carla 100 gr,13000,Rahmatika Freshmart,Tangerang Selatan,17,5.0,Jabodetabek
SEBLAK KERING CIKRUH BUMBU KACANG VARIAN CAMPUR,10599,Simshop_,Cimahi,40,4.8,Luar Jabodetabek
Kerupuk Seblak Pedas Mimi,18000,Snack Zone Official,Jakarta Selatan,70,4.9,Jabodetabek
kerupuk seblak pedas 1 bungkus,10900,atwshop,Jakarta Selatan,14,5.0,Jabodetabek
Mie Seblak Geprek Sami Raos Khas Garut Seblak Instant Kekinian 160gr,20000,Gerai Snack Official Shop,Kab. Tangerang,100,4.8,Jabodetabek
Sukro pilus Cikur Sari rasa 1 renceng 10bks - toping seblak - baso aci,6000,Distributor Cuanki dan Seblak,Kab. Bekasi,80,4.4,Jabodetabek
Keripik Seblak Pedas Putih,18000,Snackzone PP,Jakarta Pusat,30,5.0,Jabodetabek
SEBLAK JELETET MURNI (UNYUU),26500,Seblak Jeletet Murni,Jakarta Pusat,250,4.8,Jabodetabek
"cuanki lidah BARAYA 500 pcs enak, renyah, special seblak, baso aci dll",139999,aghniya,Tangerang Selatan,50,4.8,Jabodetabek
cuanki/cuankie lidah 100 pcs termurah khas Garut baso Aci/seblak boci,32999,ArfaOnlineShop,Tangerang,23,5.0,Jabodetabek
"seblak kerupuk jengkol pedas bumbu basah COD,asli Bandung",12500,SEBLAK MANTUL,Kab. Bandung,14,4.8,Luar Jabodetabek
SIOMAY SEGITIGA ISI 10 PCS BASO ACI/BOCI/SEBLAK,7999,ArfaOnlineShop,Tangerang,80,4.9,Jabodetabek
Sabring kerupuk seblak pedas gurih,3000,RIKI STORE 97,Kab. Bogor,100,4.9,Jabodetabek
Kerupuk seblak putih,18000,Snackzone KK,Jakarta Selatan,25,5.0,Jabodetabek
seblak,6900,KING DURIAN84,Depok,750,4.9,Jabodetabek
KERUPUK JABLAY BANTET KRUPUK SEBLAK KENCUR MINI KILOAN,10000,Ayra jaya snack,Jakarta Utara,1,5.0,Jabodetabek
KERUPUK SEBLAK 500GR / KRUPUK SEBLAK DAUN JERUK / SEBLAK PEDAS,19900,Dapur Sehat21,Kab. Bandung,70,4.9,Luar Jabodetabek
Cuanki Tahu Panjang isi 25 pcs toping seblak baso aci bakso cuanki,8500,Distributor Cuanki dan Seblak,Kab. Bekasi,100,5.0,Jabodetabek
CUANKI LIDAH KHAS GARUT 1 BAL isi 500 pcs campuran baso Aci dan seblak,200000,ArfaOnlineShop,Tangerang,12,5.0,Jabodetabek
Cuanki lidah murah kiloan isi 150 toping seblak baso aci,32699,CuankiCulametan,Kab. Garut,100,5.0,Luar Jabodetabek
SEBLAK KOMPLIT EXTRA PEDAS DENGAN BUMBU SPECIAL,12000,jsr rempah indonesia,Jakarta Selatan,19,4.7,Jabodetabek
Seblak instan,11000,Ghery Durian Shop,Jakarta Timur,100,4.9,Jabodetabek
Krupuk Seblak Kencur 250 gram,10000,Hosana Snack,Bogor,100,4.9,Jabodetabek
PAKET KOMPLIT! RABOKKI RAMYEON TTEOKBOKI SEBLAK BAKSO ACI CHOIGO! HALU,108999,Pempek Emak Indah,Jakarta Barat,14,5.0,Jabodetabek
MIX Seblak + Batagor Kuah,170000,Central Seblak Nusantara,Tangerang Selatan,11,5.0,Jabodetabek
SEBLAK INSTAN TERMURAH,3500,Cemilan-Ce,Kab. Sidoarjo,70,4.9,Luar Jabodetabek
3 SEBLAK FREE BASO ACI,63000,Sajodo Snack & Food,Tasikmalaya,22,5.0,Luar Jabodetabek
Seblak Koko Instan Non MSG HALAL MUI CEMILAN ENAK KUAH (POUCH),22000,Ayyabina & Hijab Alila,Jakarta Barat,30,4.8,Jabodetabek
[READY MEDAN] Seblak Marenta Instan Asli Bandung Komplit Pedas Gurih,18000,CemilanPuas,Medan,40,5.0,Luar Jabodetabek
Kerupuk Seblak RAFAEL / Krupuk Seblak Pedas Bantet - Anum Sari,15000,ANUM SARI,Tangerang Selatan,6,5.0,Jabodetabek
Soaci Baso Aci Seblak Original,23990,oke snack,Jakarta Selatan,13,5.0,Jabodetabek
COMBO HALU! 3PC SEBLAK MIE HALU - EMAK INDAH FOOD,59400,Pempek Emak Indah,Jakarta Barat,24,5.0,Jabodetabek
Seblak Instant Basranger Extra Pedas Daun Jeruk (200gr),20000,Gerai Snack Official Shop,Kab. Tangerang,100,4.8,Jabodetabek
Kerupuk mawar putih 1kg / kerupuk ikan/kerupuk seblak viral,23000,Semesta kerupuk,Tangerang Selatan,50,4.9,Jabodetabek
Seblak,12000,anto frozen food,Tangerang,50,4.9,Jabodetabek
SEBLAK KERUPUK SIKAYA,11000,sinergi snack,Depok,100,5.0,Jabodetabek
cuanki lidah 50 pcs enak toping seblak baso aci,12999,CuankiCulametan,Kab. Garut,250,4.9,Luar Jabodetabek
Kerupuk Oren Seblak Bubur Mentah [250 g],12500,SPM Market,Jakarta Selatan,13,5.0,Jabodetabek
PILUS CIKUR 250 GRAM KHAS SUKABUMI BASO ACI/BOCI/SEBLAK,9999,ArfaOnlineShop,Tangerang,80,4.8,Jabodetabek
"siomay kering kuncup/kembung 1 ball untuk baso aci, baso, seblak dll",124999,aghniya,Tangerang Selatan,21,5.0,Jabodetabek
COMBO HALU! 2PC BAKSO ACI INSTANT + 2PC SEBLAK - EMAK INDAH FOOD,89200,Pempek Emak Indah,Jakarta Barat,30,4.8,Jabodetabek
seblak jengkol pedas / okesnack,16000,oke snack,Jakarta Selatan,100,4.9,Jabodetabek
BUMBU BASO ACI SEBLAK 100gr,12000,jajanangarut19,Jakarta Selatan,250,4.9,Jabodetabek
Marenta Seblak Instan,14590,AMANA SNACK,Tangerang Selatan,100,5.0,Jabodetabek
cuanki lidah aci seblak,7500,djavafood,Depok,18,5.0,Jabodetabek
seblak kerupuk kering bantat,5000,Olivia marwah Skincare,Kab. Bekasi,9,5.0,Jabodetabek
KERUPUK PEDAS SEBLAK 250 GR,17000,TOKO KUE MEISYA 2,Jakarta Pusat,40,4.9,Jabodetabek
BATAGOR CUANKI TAHU KERING SIOMAI SIOMAY SEBLAK 150GR TOPING BASO MIE,8200,Astar Food,Bandung,250,4.9,Luar Jabodetabek
kerupuk seblak putih 5kg,93000,Nabe Sembako,Tangerang,30,5.0,Jabodetabek
kerupuk seblak kencur pedas,15000,shofia snack bekasi,Kab. Bekasi,100,4.9,Jabodetabek
COMBO HALU! 5PC SEBLAK MIE HALU - EMAK INDAH FOOD,99000,Pempek Emak Indah,Jakarta Barat,6,5.0,Jabodetabek
Seblak / Seblak Kering / Kerupuk Seblak Kering Pedas,15000,Bung Boe Snack,Kab. Sumedang,40,5.0,Luar Jabodetabek
Kerupuk Seblak RAFAEL / Krupuk Seblak Pedas Bantet - Anum Sari - 250 Gram,15000,ANUM SARI,Tangerang Selatan,6,5.0,Jabodetabek
Yasnack Kerupuk Seblak Rafael Pedas Cikruh Gurih 500 gr,28900,YasnackID,Bandung,9,5.0,Luar Jabodetabek
"Kerupuk Seblak Pedas 100 Gram, Kerupuk Seblak Daun Jeruk Gurih Renyah",22688,Nion.Nion_Official,Tangerang Selatan,20,4.5,Jabodetabek
kerupuk seblak kering pedas 1 kg keripik hot spicy camilan kekinian,41000,JAGO TOK PETOK,Surabaya,100,4.9,Luar Jabodetabek
KERUPUK JABLAY BANTET SEBLAK KENCUR MINI KILOAN 500GRAM,20500,Ayra jaya snack,Jakarta Utara,2,5.0,Jabodetabek
TENS Mie Kremes Seblak / Snack Vegan / Cemilan Sehat 65Gr,11900,Frozen Mart Jakarta,Jakarta Utara,23,5.0,Jabodetabek
Bumbu Instan Cimol Seblak Cilok Atoom Atom Bulan Grosir,990,yohangunawan94,Bandung,4000,5.0,Luar Jabodetabek
Cuanki lidah 150 pcs khas garut toping baso aci & Seblak K'rasa BARAYA,45999,aghniya,Tangerang Selatan,40,5.0,Jabodetabek
Kerupuk seblak Mawar / Seblak Rafael / Seblak viral 500 gr,34500,Bintang Snack & Camilan,Semarang,9,5.0,Luar Jabodetabek
cuanki/cuankie lidah 150 pcs khas Garut topping boci/baso Aci/seblak,46999,ArfaOnlineShop,Tangerang,18,5.0,Jabodetabek
Seblak/Cuanki/Baso aci/Batagor kuah (instan) 1porsi. toping lengkap,7500,Aliya28,Tangerang Selatan,100,5.0,Jabodetabek
Kerupuk Seblak Mawar Kribo Pedas Daun Jeruk 1.8kg,70000,Cap 2K Snack,Kab. Bandung,20,4.6,Luar Jabodetabek
Cancimen Seblak Ramen Mas Miun Snack Cemilan Cup Siap Saji,16830,Mo_toko,Tangerang Selatan,8,5.0,Jabodetabek
BUMBU KUAH CUANKI BASO ACO/BOCI SEBLAK ECERAN,699,ArfaOnlineShop,Tangerang,750,4.9,Jabodetabek
seblak instan masabi,8000,baso aci masabi,Jakarta Selatan,250,4.8,Jabodetabek
Kerupuk Bawang Orange Dan Putih 1kg 1kilo Cocok Untuk Seblak Nasi Uduk,20000,Distributor-Jaya,Tangerang,100,5.0,Jabodetabek
Seblak Putri 80 gr,12500,King Fresh Mart,Jakarta Barat,16,5.0,Jabodetabek
Muria Snack Seblak Stick Cabe Merah x 10pcs (Bisa Same Day Delivery),55000,Merbabu Food,Tangerang Selatan,5,5.0,Jabodetabek
SAGO MEE PAKET 5 CUP KOMPLIT (BISA PILIH VARIAN) SAGOMEE MIE INSTAN,48500,Noname Goods,Jakarta Barat,100,5.0,Jabodetabek
"Seblak Instan, Praktis, Komplit Khas Sunda by Kang Idin",26000,Kaya Halal Market,Jakarta Selatan,28,4.9,Jabodetabek
Pasar Keripik Cimol Seblak Pedas Kiloan,55000,Pasar Keripik Bandung,Bandung,19,5.0,Luar Jabodetabek
Poco loco salsa dip guacamole 300 gr,95000,toko cahaya bintaro,Jakarta Selatan,24,5.0,Jabodetabek
CUANKI/CUANKIE SIOMAY SPECIAL KHAS GARUT ISI 50 PCS BASO ACI & SEBLAK,17999,ArfaOnlineShop,Tangerang,18,5.0,Jabodetabek
Seblak kerupuk mawar/pedo pedas aroma daun jeruk 1 kg khas bandung,55000,Seblak putra bandung,Kab. Bandung,3,5.0,Luar Jabodetabek
cuanki/cuankie lidah isi 100 pcs baso Aci/boci/seblak,32999,ArfaOnlineShop,Tangerang,60,4.9,Jabodetabek
Cuanki lidah 100 pcs khas garut toping baso aci & Seblak (BRY),31999,aghniya,Tangerang Selatan,100,4.9,Jabodetabek
atom bintang kembar kecil 50g- bumbu seblak - baso Aci - bakso cuanki,4000,Distributor Cuanki dan Seblak,Kab. Bekasi,100,4.9,Jabodetabek
kerupuk bawang orange - kerupuk seblak 250gr,7500,Tukangsayurmbakyu,Tangerang Selatan,100,4.9,Jabodetabek
KERUPUK SEBLAK 1KG / KRUPUK SEBLAK DAUN JERUK / SEBLAK PEDAS,36900,Dapur Sehat21,Kab. Bandung,40,4.5,Luar Jabodetabek
Bumbu Penyedap Baso Aci / Seblak,14500,Pusat Cuankie & Cemilan Frozen,Jakarta Timur,100,4.9,Jabodetabek
Cimol Spesial K.y.l Kylafood,23790,kylafood,Bandung,4000,4.9,Luar Jabodetabek
Paket Pesta Kuliner k.y.l Kylafood,60375,kylafood,Bandung,4000,4.9,Luar Jabodetabek
Kylafood Batagor Kuah Play,22230,kylafood,Bandung,1000,5.0,Luar Jabodetabek
Krupuk kerupuk Seblak Pedas Gurih krupuk Jablay,18000,Akang Kripik,Jakarta Timur,30,5.0,Jabodetabek
Seblak Bu Etu - Misdaseum / Original,19900,Bakso Bu Etu,Kab. Bandung,750,4.9,Luar Jabodetabek
siomay mini kering 1kg / gurilem toping seblak baso aci cuanki,25000,CuankiCulametan,Kab. Garut,100,4.9,Luar Jabodetabek
cuanki/cuankie lidah isi 150 khas Garut baso Aci/boci/seblak,47999,ArfaOnlineShop,Tangerang,21,5.0,Jabodetabek
Pasar Keripik Kerupuk Seblak Mawar Mini Pedas size Kecil,12500,Pasar Keripik Bandung,Bandung,40,4.9,Luar Jabodetabek
seblak instant komplit bumbu cikruh bandung aufaro snack,6800,AUFARO SNACK,Kab. Bandung Barat,250,4.9,Luar Jabodetabek
BUBUK CABAI/CABE BASO ACI/BOCI/SEBLAK/CUANKI ECERAN,699,ArfaOnlineShop,Tangerang,250,5.0,Jabodetabek
kerupuk bawang pedas seblak plastik 250gr,26500,DRSukses,Jakarta Selatan,16,5.0,Jabodetabek
Seblak Kering Dapur Cabai Krupuk Mix | Sebring Cikruh Bumbu Kacang,58550,manisan pak andre,Jakarta Timur,9,5.0,Jabodetabek
KERUPUK KRIWIL PEDAS 1kg / KRUPUK SEMBRING SEBLAK KERITING,67848,AHR Jaya Snack,Jakarta Timur,13,4.3,Jabodetabek
Seblak Cobek Seblak Rafael Seblak Ala Rafael_1616 Seblak Sambel Kencur,8782,NomeL Shop,Surabaya,30,5.0,Luar Jabodetabek
cuankie/cuanki lidah isi 150 pcs khas Garut baso Aci /boci seblak,46999,ArfaOnlineShop,Tangerang,24,4.6,Jabodetabek
"pilus kencur 3 kg K'Rasa enak dan renyah baso aci, seblak, cemilan dll",95999,aghniya,Tangerang Selatan,50,5.0,Jabodetabek
[TERMURAH!!] Seblak Instant Basranger Extra Pedas 200gram,13790,duniacemilan,Bandung,100,4.9,Luar Jabodetabek
Kerupuk Putih Dua Jago 500gr - Krupuk Seblak Bubur Ayam Ketoprak,12000,Boeana Baking & Sembako,Tangerang,40,5.0,Jabodetabek
Kerupuk Kering 250g Bahan Seblak Variasi Lengkap by GG,5999,gaiagarut,Kab. Garut,40,5.0,Luar Jabodetabek
seblak basreng pedas original exstra daun jeruk 500gram,25000,seblak bandung99,Kab. Bandung,2000,4.8,Luar Jabodetabek
KERUPUK OREN 1KG TOPPING SEBLAK,19000,Pusat Cuankie & Cemilan Frozen,Jakarta Timur,29,5.0,Jabodetabek
Seblak Instan Kwetiaw,13500,RN FROZEN FOOD,Jakarta Selatan,8,5.0,Jabodetabek
[READY MEDAN] Kerupuk Bawang Bantet Seblak Pedas Jeruk Murah 100grm,8000,CemilanPuas,Medan,250,4.9,Luar Jabodetabek
KERUPUK SEBLAK KERING BANTAT RAFAEL PEDES DAUN JERUK 250 GRAM ,19000,Madinah Oleh Oleh Bdg,Bandung,16,4.8,Luar Jabodetabek
pilus cikur / pilus seblak baso aci - 250gram,12000,yumnaa snack,Kab. Bekasi,30,4.8,Jabodetabek
Cuanki Pangsit kering Segitiga Cipet isi 40 toping seblak baso aci,13500,CuankiCulametan,Kab. Garut,250,5.0,Luar Jabodetabek
Kerupuk Seblak Pedas / Kerupuk Seblak Merah,18000,Snackzone PP,Jakarta Pusat,21,4.0,Jabodetabek
Seblak Seafood Instan,7500,Cemilan Malang,Malang,14,5.0,Luar Jabodetabek
[TERMURAH] (COD) 1kg Krupuk Seblak Bantet Kering/ Kripik Seblak Pedas,47000,Arkadewi11,Jakarta Selatan,2,5.0,Jabodetabek
Paket 7 Pcs Seblak Instan Ceu Nthien Khas Bandung Rasana Ngeunah Pisan,120000,Central Seblak Nusantara,Tangerang Selatan,16,4.9,Jabodetabek
Kerupuk Krupuk Seblak Merah Kering Pedas Oleh Oleh Bandung Odjolali,10500,Storio Store,Tangerang Selatan,19,4.7,Jabodetabek
Kerupuk Mentah Mawar Putih Seblak Viral Bawang 1 Bal 5 Kg,95000,BuddhiSMART,Tangerang,2,5.0,Jabodetabek
Kylafood Mie Tulang Rawan Play,19890,kylafood,Bandung,250,4.9,Luar Jabodetabek
seblak instan mie original om brewok,14000,Muysproduct,Kab. Bogor,5,5.0,Jabodetabek
Cimol Spicy Lava Kylafood,22230,kylafood,Bandung,750,4.9,Luar Jabodetabek
Kylafood Mix Batagor Kuah dan Mie Kocok,43450,kylafood,Bandung,17,5.0,Luar Jabodetabek
CUANKI INSTAN BANDUNG,4500,jajanangarut19,Jakarta Selatan,3000,4.8,Jabodetabek
cuanki tahu gepeng isi 100 pcs toping seblak bsso aci,38999,CUANKI CULAMETAN,Kab. Garut,100,4.9,Luar Jabodetabek
Sami Raos Cuanki Geprek Instan,18270,Foodstocks,Jakarta Selatan,40,4.8,Jabodetabek
Kerupuk Seblak Kering Pedas Daun jeruk,12500,BELFASHOP,Surabaya,30,4.5,Luar Jabodetabek
kerupuk bawang mentah warna merah -+5kg untuk seblak wajib grab/ gojek,68500,olshoppwgi,Tangerang Selatan,11,5.0,Jabodetabek
SEBLAK INSTAN MANG MUSS,12500,Seblak Mang Muss,Tasikmalaya,500,4.9,Luar Jabodetabek
Kerupuk Seblak/Nasgor Mentah 250gr,10000,IKAN SEGAR CAK ADNAN,Jakarta Selatan,7,5.0,Jabodetabek
kerupuk seblak,10000,fey snack,Depok,100,4.9,Jabodetabek
"seblak coin mekar 1,5kg",60000,Toko Yazid Cita Rasa,Bandung,4,5.0,Luar Jabodetabek
CUANKIE JUARA! CUANKIE JAJANAN KULINER ENAK KHAS BANDUNG VARIAN RASA - 6 Ayam Bwg (AB),115000,Rasa Juara Indonesia,Kab. Bandung,750,4.9,Luar Jabodetabek
cuanki tahu pasung murah isi 10 pcs toping seblak boci mie bakso,3500,CuankiCulametan,Kab. Garut,40,4.9,Luar Jabodetabek
Kerupuk Seblak Berkualitas 250Gr,12000,IKAN LAUT SEGAR CAK ALFATH,Jakarta Selatan,6,5.0,Jabodetabek
Kerupuk seblak merah,18000,Snackzone KK,Jakarta Selatan,28,4.9,Jabodetabek
Seblak Kering Gurih 65gram,10965,Lidigeli,Kab. Garut,100,5.0,Luar Jabodetabek
seblak frozen instan seblak rafael,8000,Kunyahhfood,Kab. Bogor,50,5.0,Jabodetabek
"baso aci, bakso aci, cuanki, seblak instan, boci",8000,baso aci masabi,Jakarta Selatan,2000,4.8,Jabodetabek
Seblak Kuah Instant Terciduk Khas Bandung Extra Mie Telur Best Seller,18700,Gerai Snack Official Shop,Kab. Tangerang,60,4.5,Jabodetabek
seblak kering bantat kerupuk bawang Ekstra pedas daun jeruk( 1 KG),19000,ngemil sipedas,Kab.Ciamis,11,5.0,Luar Jabodetabek
Kerupuk Seblak Mentah Berkualitas - 250 Gram,10000,JURAGAN IKAN LAUT,Jakarta Selatan,11,5.0,Jabodetabek
Makaroni Seblak Basreng Keripik Kaca Capsule Pedas Kelanting Kurma,20000,kemplang Ango,Kab. Bekasi,17,4.8,Jabodetabek
SEBLAK INSTAN ORI/SEBLAK INSTAN KERUPUK/SEBLAK INSTAN MURAH,3899,dakar_ofc,Kab. Mojokerto,250,4.2,Luar Jabodetabek
Siomay mini 250 gram gurilem murah toping seblak boci,8000,CuankiCulametan,Kab. Garut,100,4.9,Luar Jabodetabek
SEBLAK KICIMPRING MANG MUSS,9999,Seblak Mang Muss,Tasikmalaya,750,4.8,Luar Jabodetabek
cuanki siomay mini gurilem 1 ons toping seblak baso aci,3000,CuankiCulametan,Kab. Garut,60,4.9,Luar Jabodetabek
krupuk seblak mini pedas  250gram,13500,Vinsnack,Tangerang,3,5.0,Jabodetabek
PAKET KOMPLIT BUMBU BASO ACI/BOCI/CUANKI/SEBLAK ECERAN,1200,ArfaOnlineShop,Tangerang,250,5.0,Jabodetabek
Toping Seblak Baso Aci PAKET MIX 150pcs Cuanki Lidah Siomay dan Baso T,77280,Onesupp Acc,Jakarta Barat,6,5.0,Jabodetabek
Kerupuk Seblak Kering Sebring Pedas Daun Jeruk 100gr,4500,Pedas Gilaa,Surabaya,500,4.9,Luar Jabodetabek
CUANKI/CUANKIE SIOMAY SPECIAL MURAH ASLI GARUT ISI 100 PCS BOCI&SEBLAK,35999,ArfaOnlineShop,Tangerang,10,5.0,Jabodetabek
Kerupuk Seblak | Cemilan Pedas | Cemilan Kering 150gr,9256,vieka mart official,Tangerang Selatan,30,4.9,Jabodetabek
"Toping Seblak Baso Aci PAKET MIX 150pcs Cuanki Lidah, Siomay dan Baso",42500,gaiagarut,Kab. Garut,250,4.8,Luar Jabodetabek
Kerupuk Seblak Rafael Mawar Putih Pedas,8355,oke snack,Jakarta Selatan,80,4.9,Jabodetabek
(HARGA TERMURAH) seblak instan mantap,3900,baso aci zahra,Kab. Bandung,1000,4.7,Luar Jabodetabek
SHAZA BASO ACI CUANKI / BOCI CUANKI,15500,Bentang Frozen,Tangerang Selatan,100,4.9,Jabodetabek
Cuanki tahu atau batagor kering kiloan murah isi 150 seblak baso aci,32500,CuankiCulametan,Kab. Garut,100,4.9,Luar Jabodetabek
Batagor,45000,UMMU GENDIS FOOD,Depok,24,5.0,Jabodetabek
GURILEM 250GR TOPPING BASO ACI / SEBLAK,11000,Pusat Cuankie & Cemilan Frozen,Jakarta Timur,20,4.8,Jabodetabek
Kerupuk Jablay BANTET 1 KG |Krupuk Jablay Seblak Kencur 1KG 1000g 1000,35000,Toko 21 Cempaka Baru,Jakarta Pusat,40,4.9,Jabodetabek
Cuanki tahu Gepeng Geprek isi 100 pcs toping seblak baso Aci baso,35000,Distributor Cuanki dan Seblak,Kab. Bekasi,50,4.9,Jabodetabek
bumbu seblak basah instan,26666,Kickball Official,Bandung,250,4.7,Luar Jabodetabek
Seblak Instan,20500,dmpOLSHOP,Kab. Bekasi,21,5.0,Jabodetabek
Seblak Basah Instan Good Friend (90gr),15700,Gerai Snack Official Shop,Kab. Tangerang,40,5.0,Jabodetabek
KERUPUK SEBRING 500 GRAM / KERUPUK SEBLAK MAWAR,22000,Dapur Sehat21,Kab. Bandung,5,5.0,Luar Jabodetabek
Kyla Food Seblak Original,21500,fasyaa_id,Bandung,40,5.0,Luar Jabodetabek
SEBLAK INSTAN SEHAT NON MSG,6000,newtopik,Bandung,100,4.8,Luar Jabodetabek
kerupuk bawang mentah/kerupuk seblak/kerupuk warna warni 1kg,37000,tukangsayurjkt,Jakarta Selatan,30,5.0,Jabodetabek
Kerupuk Putih 250 gr Krupuk Sumbersari Kurupuk Sumber Sari Seblak,6500,Celikafood,Bandung,60,4.7,Luar Jabodetabek
Seblak Instant Nagih | Seblak + Baso Aci Jajanan Milenial,10296,vieka mart official,Tangerang Selatan,15,4.3,Jabodetabek
kerupuk seblak kencur pedas 100 gram,5000,keripikususkrisis,Kab. Gresik,50,4.9,Luar Jabodetabek
cimol seblak pedas 200gr,10000,Akun_Kuliner,Tangerang Selatan,15,5.0,Jabodetabek
Kerupuk Seblak Kering Bantet Pedas Gurih Keripik Kering Renyah Halal,19970,Rendang Den Lapeh,Depok,18,4.8,Jabodetabek
seblak geprek,18500,Jajanan Hits (JS),Tangerang Selatan,9,5.0,Jabodetabek
Kerupuk Seblak,17000,Menu Ama,Tangerang Selatan,100,4.9,Jabodetabek
kerupuk oren/kerupuk seblak/kerupuk ikan tenggiri oren 1 kg,17000,kurniamakmur75,Depok,30,4.8,Jabodetabek
Cemilan Kerupuk Seblak Pedas Cemilan Imon 100Gr,15000,Moenero,Kab. Tangerang,13,5.0,Jabodetabek
sebring seblak kering bumbu kacang cikruh 1kg,15000,Baso Aci Athaya,Kab. Bandung,15,4.3,Luar Jabodetabek
krupuk seblak pedas daun jeruk bantet 500geram,24000,seblak barokah 07,Kab. Bandung,100,4.7,Luar Jabodetabek
YIMS seblak instant box termurah teh kerupuk seblak pedas khas garut,8500,Yimshop,Semarang,70,4.6,Luar Jabodetabek
KERUPUK SEBLAK PEDAS 200g,12000,hilmandza,Kab. Tangerang,30,5.0,Jabodetabek
50 SIOMAY Cuanki Kering bahan Pelengkap Boci seblak dan cuanki,17999,lahawelah,Kab. Garut,250,4.9,Luar Jabodetabek
"baso aci masabi ( boci, tulang rangu, cuanki, seblak, bapper)",7500,jajanan masabi,Jakarta Selatan,50,5.0,Jabodetabek
- Seblak Rafael Asli Original | Seblak Coet Mamang Rafael #,37000,joniludiansyah,Bandung,3,5.0,Luar Jabodetabek
Sami Raos Baso MIE SEBLAK Geprek Khas Garut 135 Gram,16500,Alanza Frozen Food,Tangerang Selatan,16,5.0,Jabodetabek
SEBLAK KENCUR 75 gram,7000,Vavivo Tart & Cake,Kab. Bogor,13,5.0,Jabodetabek
Bumbu Seblak Samara Micron,12000,Sosis Paskali Official,Bandung,100,5.0,Luar Jabodetabek
seblak basreng pedas original exstra daun jeruk 500gram,25000,Seblak putra bandung,Kab. Bandung,250,4.8,Luar Jabodetabek
Kerupuk Mawar Putih Bulat Mentah / Bahan Seblak 1kg Gurih dan Enak,11000,De Kriuk,Kab. Brebes,10,5.0,Luar Jabodetabek
Paket 7 Pcs Batagor Kuah Ceu Nthien Khas Bandung Rasana Ngeunah Pisan,120000,Central Seblak Nusantara,Tangerang Selatan,11,4.8,Jabodetabek
Basreng Pedas Cikruh Seblak Bantet Cikruh Daun Jeruk Kemasan Ekonomis,3000,Bang Bana,Kab. Malang,500,4.9,Luar Jabodetabek
Maicih Seblak Keju,19900,Gerai Snack Official Shop,Kab. Tangerang,500,4.7,Jabodetabek
Cirambay Terciduk/Aci Rambay Pedas Bumbu Cikruh Bisa Goreng Atau Kuah,18700,Gerai Snack Official Shop,Kab. Tangerang,100,4.7,Jabodetabek
Baso Aci Mie Nyemek Teh Shanty Original Lengkap Dengan Gurilem 200g,22900,Gerai Snack Official Shop,Kab. Tangerang,100,5.0,Jabodetabek
KERUPUK SNACK SEBLAK ADA 5 VARIAN LEVEL,12500,BoboShop805,Jakarta Utara,6,5.0,Jabodetabek
Seblak instan cuanki/Seblak instan murah/Seblak instan mie,4900,Komasnack,Kab. Mojokerto,10,5.0,Luar Jabodetabek
Gelichips Seblak Kering Sebring Camilan Kerupuk Pedas Daun Jeruk 65 gr,12500,Lidigeli,Kab. Garut,40,4.5,Luar Jabodetabek
kerupuk seblak mawar pedas daun jeruk,7999,uus shop 02,Surabaya,40,4.8,Luar Jabodetabek
KRUPUK JABLAY PEDAS 500Gram/KRUPUK SEBLAK/SEBLAK KERING/SNACK KILOAN,22999,Agen Snack Murah,Jakarta Barat,50,4.9,Jabodetabek
Seblak Kencur 250gr/Kerupuk Seblak Rasa Kencur/Snack Cemilan,11600,Agen Snack Murah,Jakarta Barat,100,5.0,Jabodetabek
Seblak Koin,17500,Official Kartika Sari,Bandung,500,5.0,Luar Jabodetabek
Seblak makroni pedas gurih ekstra daun jeruk 100 gram,5000,Seblak putra bandung,Kab. Bandung,100,4.8,Luar Jabodetabek
SEBLAK KERIPIK BETON 1KG CIKRUH / SEBRING KERUPUK BETON 1KG CIKRUH,43750,ICIP ICIP SNACK BANDUNG,Kab. Bandung,4,5.0,Luar Jabodetabek
100gr Kerupuk Bawang Tersanjung Bintang Bunga Krupuk Mentah seblak,4400,Eagar Wangsa,Jakarta Utara,250,4.8,Jabodetabek
cuanki tahu pasung isi 50 murah batagor kering toping seblak baso aci,12000,CuankiCulametan,Kab. Garut,250,4.9,Luar Jabodetabek
Seblak Basranger,14500,Khayla BeautyShop,Kab. Bekasi,9,5.0,Jabodetabek
Oifyoo Seblak Mozarella,22000,Clower Mart,Jakarta Barat,23,4.8,Jabodetabek
SEBLAK SOACI / SEBLAK BASO ACI SOACI,16850,TOBELO SHOP,Tangerang,100,5.0,Jabodetabek
Kerupuk Seblak Bantet Kencur Extra Pedas,12500,EMPING MELINJO ASLI LIMPUNG KIRANI SNACK,Kab. Batang,30,4.9,Luar Jabodetabek
Siomay Cuankie Kering Cuangki Baso Bakso Aci Seblak,8000,Celikafood,Bandung,60,4.9,Luar Jabodetabek
Seblak Mercon Komplit Khas Tasik 150gr,9500,Al Dien Mart,Tangerang,21,4.6,Jabodetabek
Seblak Instant Pedas Cadas Mantab,14000,Bianzi Food,Jakarta Selatan,50,5.0,Jabodetabek
"MI MIE LIDI YOI DAUN JERUK , SEBLAK , PEDAS LV5 ORIGINAL,CEMILAN HITS",5500,WA SPAREPART,Bekasi,28,5.0,Jabodetabek
Bumbu Seblak Cikur Bawang Putih Untuk Seblak (Plain),400,Berkah Food Bandung,Cimahi,750,4.9,Luar Jabodetabek
seblak instant khas bandung,62000,Seblak Alipbata,Tangerang,100,4.8,Jabodetabek
Seblak Instan BABA Semua Variant (3pcs),50000,Basrengbaba,Kab. Bandung,19,4.8,Luar Jabodetabek
Cuanki Tahu Keriting Panjang Topping Baso Aci / Seblak Khas Garut,14999,Pedas Gilaa,Surabaya,100,5.0,Luar Jabodetabek
Seblak Mercon Khas Tasik 150gr Pedas Jelotot,11000,Al Dien Store 313,Tangerang,50,4.8,Jabodetabek
KERUPUK TANGGA / TARAJE 1KG TOPPING SEBLAK,22000,Pusat Cuankie & Cemilan Frozen,Jakarta Timur,11,5.0,Jabodetabek
seblak instan purwakarta,4500,cemilan instan purwakarta,Kab. Purwakarta,750,4.9,Luar Jabodetabek
Kerupuk Seblak Kering Pedas Aroma Daun Jeruk Murah Enak Terlaris 250 g,15999,Kunyahhfood,Kab. Bogor,16,5.0,Jabodetabek
Krupuk Seblak Coin 1 bal,55000,Hosana Snack,Bogor,27,5.0,Jabodetabek
Snack Seblak jeletot 150 gr,14000,Asinan Maputri,Tangerang,12,4.9,Jabodetabek
Mamafuji - Seblak Instan viral (DUTA SEBLAK APPROVED),23999,Mama Fuji Official,Tangerang,20,4.8,Jabodetabek
Kerupuk seblak pedas,15900,Tukangsayurmbakyu,Tangerang Selatan,60,4.6,Jabodetabek
KRUPUK JABLAY PEDAS 220GR/KRUPUK SEBLAK/CEMILAN SNACK/SNACK KILOAN.,11000,Agen Snack Murah,Jakarta Barat,30,4.9,Jabodetabek
"PAKET JUNI ASIK SEBLAK BESTSELLER(Seblak Original,Seblak Tulang Rawan)",34500,kylafood,Bandung,80,4.8,Luar Jabodetabek
Seblak Keju,15000,Maicih_Official,Bandung,250,4.9,Luar Jabodetabek
[PROMO!!] BASRANGER Seblak Instant EXTRA PEDAS 200gr - seblak nikmat,15999,JM Snacks,Bandung,100,4.9,Luar Jabodetabek
Paket seblak bakso untuk 3 porsi,29000,Tukangsayurmbakyu,Tangerang Selatan,30,5.0,Jabodetabek
Kerupuk Seblak Kering Pedas Bumbu Kencur 100 gram,6750,Zahira Official 01,Kab. Kebumen,30,5.0,Luar Jabodetabek
"Bumbu asin gurih extra rempah 1 kg. Untuk kuah baso aci,seblak dll",47999,aghniya,Tangerang Selatan,500,4.8,Jabodetabek
kerupuk seblak kencur pedas,25000,bangkit jaya snack,Bekasi,70,4.9,Jabodetabek
seblak crispy,13000,HaRoZaDaZaSa store,Depok,40,4.4,Jabodetabek
Kerupuk Bawang Warna Putih Dan Orange 500Gram Seblak Nasi Uduk Dll,11000,Distributor-Jaya,Tangerang,100,4.9,Jabodetabek
Seblak Geprek,19000,kappa center,Tangerang,20,5.0,Jabodetabek
Nyemil Saji - Seblak Instan Siap Saji,16365,Nyemil Saji Jepara,Kab. Sleman,23,4.9,Luar Jabodetabek
SEBLOK / SEBLAK CILOK RANGU NYAKREK,6800,Pusat Cuankie & Cemilan Frozen,Jakarta Timur,250,4.8,Jabodetabek
Kerupuk seblak 100 gram Pedas gurih,8000,RIKI STORE 97,Kab. Bogor,6,5.0,Jabodetabek
Kerupuk Keong Warna Warni 250gr Krupuk Seblak Mentah,6000,Celikafood,Bandung,40,5.0,Luar Jabodetabek
Kerupuk Seblak Bantet 100 gram-Tantaz Snack,7500,tantaz_Snack,Tangerang Selatan,60,5.0,Jabodetabek
KERUPUK SEBLAK VIRAL RAFAEL ,5500,D'gegaresan,Jakarta Utara,100,4.3,Jabodetabek
seblak kering / seblak kerupuk krupuk putih bawang pedas / murah enak,7000,Jagoicip,Jakarta Pusat,7,5.0,Jabodetabek
Pasar Keripik Kerupuk Seblak Mawar Mini Pedas size Besar,28500,Pasar Keripik Bandung,Bandung,14,5.0,Luar Jabodetabek
kerupuk mentah seblak,65000,DINAYASHOP,Jakarta Barat,20,4.0,Jabodetabek
Kerupuk Sari  Udang Mentah 250gr/Kerupuk Seblak,6500,Sin Nana,Semarang,6,5.0,Luar Jabodetabek
Kerupuk bawang prima / Kerupuk warna warni / Kerupuk seblak - 500 Gram,12000,Roda Minang,Jakarta Barat,30,4.9,Jabodetabek
Kerupuk Bawang Seblak Bintang Mentah / Kerupuk Tersanjung 100 gram,4000,DelimaFCB,Surabaya,16,5.0,Luar Jabodetabek
kerupuk seblak pedas 1/2 kg / kerupuk seblak ½,20482,Adila_Putri_Snack,Kab.Ciamis,100,4.8,Luar Jabodetabek
siomay mini kering 250 gram toping seblak baso aci,8000,CUANKI CULAMETAN,Kab. Garut,100,4.8,Luar Jabodetabek
BATAGOR Seblak 100gr Baso Tahu Goreng Siap Makan,1500,yohangunawan94,Bandung,100,5.0,Luar Jabodetabek
Baso Aci GEPREK Seblak GEPREK boci instant samiraos boci geprek tulang,15300,Pusat Baso Aci,Surabaya,40,4.8,Luar Jabodetabek
kerupuk oren/kerupuk seblak oren/kerupuk ikan tenggiri oren 500 gr,8900,kurniamakmur75,Depok,15,5.0,Jabodetabek
cuanki lidah 150 pcs toping seblak baso aci,35000,CUANKI CULAMETAN,Kab. Garut,250,5.0,Luar Jabodetabek
kerupuk seblak bantet/sebring setengah kg,24500,arsensnack,Kab. Bekasi,14,4.9,Jabodetabek
KERUPUK SEBLAK KERITING CABE MERAH SUPER PEDES 250 GRAM,18000,Madinah Oleh Oleh Bdg,Bandung,100,4.9,Luar Jabodetabek
Batagor Kering Panjang 1 Pack Cocok buat Seblak SAYUR ONLINE BANDUNG,16000,Sayur Gedebage Praktis Online Bandung,Bandung,4,5.0,Luar Jabodetabek
KERUPUK SEBLAK KENCUR PEDAS 1KG/SNACK KILOAN,41000,ajs(ale jaya snack),Jakarta Utara,2,5.0,Jabodetabek
Seblak Instant Mommy,12200,Jacqkids,Bandung,500,4.8,Luar Jabodetabek
Paket seblak sosis untuk 3 porsi,29000,Tukangsayurmbakyu,Tangerang Selatan,8,5.0,Jabodetabek
SEBLAK GEPREK SAMIRAOS / SEBLAK MIE / SEBLAK SOUN / SEBLAK INSTAN,17850,TOBELO SHOP,Tangerang,100,4.8,Jabodetabek
PANGSIT SEBLAK BUMBU BASAH,8500,RIKI STORE 97,Kab. Bogor,9,5.0,Jabodetabek
Kerupuk Seblak Kering Mawar (Rafael) Pedas Daun Jeruk 1 Kg,49000,SekawanRasa,Surabaya,1,5.0,Luar Jabodetabek
seblak basah instant ekonomis,5000,Kickball Official,Bandung,100,4.6,Luar Jabodetabek
Seblak Stik 250gram,10000,Hosana Snack,Bogor,250,4.9,Jabodetabek
kerupuk seblak bantet kering 1kg (matang),46000,arsensnack,Kab. Bekasi,6,5.0,Jabodetabek
kerupuk seblak pedas daun jeruk,9900,afif jaya cemilan,Surabaya,100,4.6,Luar Jabodetabek
kerupuk seblak rafael 500gram,13800,arzy sembako,Kab. Bogor,40,5.0,Jabodetabek
Boboko Kerupuk Seblak Kering Pedas Daun Jeruk Level 7 / 8 /9 / 13,18000,Dewi_Sartika,Jakarta Barat,9,5.0,Jabodetabek
Kerupuk Kriwil Seblak Cikur (net 200g),9000,Van Kios,Bandung,14,5.0,Luar Jabodetabek
seblak pedas kerupuk,82000,ViSha_Olshop,Bekasi,60,4.9,Jabodetabek
Kerupuk Seblak/Ikan/Sari Udang/Merah - MENTAH,25000,sembakocitra,Tangerang,22,5.0,Jabodetabek
Seblak basreng pedas original daun jeruk stik 100gr,5000,Seblak putra bandung,Kab. Bandung,4000,4.8,Luar Jabodetabek
Kerupuk Seblak Kering Bumbu Pedas CIkruh Daun Jeruk Box | Snack Teman,17500,Snack Teman,Bandung,30,4.9,Luar Jabodetabek
KRUPUK SEBLAK KENCUR 500 gram,28000,Vavivo Tart & Cake,Kab. Bogor,9,5.0,Jabodetabek
KRUPUK / KERUPUK MENTAH / KERUPUK SEBLAK MENTAH 1kg BAWANG,18000,SuperSnacksShop,Kab. Bandung,70,4.9,Luar Jabodetabek
Cabe bubuk special baso aci & seblak,11999,aghniya,Tangerang Selatan,250,4.9,Jabodetabek
SEBLAK INSTAN,5000,Griyo Seni,Kab. Sidoarjo,90,4.6,Luar Jabodetabek
Kerupuk Ikan Merah Mentah / Kerupuk Seblak 250gr,9500,Hello Cell & Distro,Bandung,7,5.0,Luar Jabodetabek
kerupuk seblak pedas 1 kg TERMURAH,38000,RIKI STORE 97,Kab. Bogor,3,5.0,Jabodetabek
KRUPUK / KERUPUK MENTAH / KERUPUK SEBLAK MENTAH 200gr MAWAR WARNA,5000,SuperSnacksShop,Kab. Bandung,100,4.9,Luar Jabodetabek
Seblak Mommy Instan Rasa Original Kemasan Cup,11550,Beuki Mart,Bandung,14,5.0,Luar Jabodetabek
Krupuk Stik Seblak /pedas 1kg,36000,Hosana Snack,Bogor,40,4.9,Jabodetabek
Seblak Mooza,22000,oifyoo_jakut,Jakarta Utara,12,4.7,Jabodetabek
siomay kering mini untuk baso aci & seblak bandung,14999,aghniya,Tangerang Selatan,250,4.9,Jabodetabek
baso aci / seblak instan,6000,Nyum_mama,Pekanbaru,30,4.5,Luar Jabodetabek
SEBLAK VIRAL - SEBLAK INSTANT - SEBLAK RAFAEL - SEBLAK MAMANG RAFAEL,8880,FARADHIFY STORE,Bekasi,100,4.6,Jabodetabek
Kerupuk seblak jengkol extra pedas 1kg krupuk jengkol pedas murah,15000,zhafran_id,Kab.Ciamis,30,4.3,Luar Jabodetabek
CUANKIE TAHU STICK / TAHU KERITING ISI 50 TOPPING BASO ACI / SEBLAK,18000,Pusat Cuankie & Cemilan Frozen,Jakarta Timur,19,4.5,Jabodetabek
Kerupuk Mawar Seblak Cocol (100gr)/Seblak Rafael Kerupuk Mawar Mentah,4990,Toko Ritel Indonesia,Sukabumi,100,4.9,Luar Jabodetabek
cabe rawit bubuk sachet seblak baso aci cuanki instant,350,CUANKI CULAMETAN,Kab. Garut,2000,4.8,Luar Jabodetabek
Seblak Ceker pedas daun jeruk 250 gram,13000,Markas Makaroni,Kab. Bekasi,60,4.9,Jabodetabek
ANTAKA 100gr Bumbu Tabur Aneka Rasa Bumbu Seblak Makaroni,5999,yohangunawan94,Bandung,750,5.0,Luar Jabodetabek
BARU! KERUPUK SEBLAK - TERMURAH [100gram],7500,Aflah Snack,Bekasi,100,4.7,Jabodetabek
Kerupuk Seblak Mawar Kriwil Pedas 60gr ANABA,2881,Siaga Lapak,Malang,16,5.0,Luar Jabodetabek
keripik seblak rafael pedas & asin,16500,keyz shop78,Bandung,5,5.0,Luar Jabodetabek
SEBLAK JUARA INSTAN MASAK BASAH ASLI BANDUNG ENAK MANTAP,22000,Rasa Juara Indonesia,Kab. Bandung,1000,4.9,Luar Jabodetabek
seblak kering bumbu kacang(100gr),4999,seblak_joy,Kab. Bandung,20,5.0,Luar Jabodetabek
Kerupuk Rafael/kerupuk seblak viral/kerupuk mawar 1kg,33000,KEDAI SAYUR KU,Tangerang Selatan,30,4.9,Jabodetabek
Krupuk Seblak Kencur Seblak Jablay 250gr,12500,Mokosnacksby,Surabaya,250,4.9,Luar Jabodetabek
Seblak kerupuk bintang pedas ekstra daun jeruk 100 gram,5000,Seblak putra bandung,Kab. Bandung,60,4.9,Luar Jabodetabek
