nama_produk,harga,toko,lokasi_toko,terjual,nilai_produk
Gelifood Seblak Instan Kerupuk Mawar Bumbu Kencur Rafael Pedas Gurih,Rp13.000,Lidigeli,Kab. Garut,250+ terjual,4.8
Kylafood Seblak Original Play,Rp15.050,kylafood,Bandung,1rb+ terjual,5.0
"Seblak Rafael, Seblak Coet Instan Halal",Rp25.000,Brother Meat Shop,Depok,100+ terjual,4.9
Seblak Instan Ceu Nthien Khas Bandung Rasana Ngeunah Pisan,Rp17.000,Central Seblak Nusantara,Tangerang Selatan,2rb+ terjual,4.9
KERUPUK SEBLAK MENTAH ANEKA WARNA,Rp11.500,jajanangarut19,Jakarta Selatan,250+ terjual,4.9
SEBLAK INSTANT TERMURAH,Rp3.999,Pusat Cuankie & Cemilan Frozen,Jakarta Timur,10rb+ terjual,4.8
"Seblak Rafael, Seblak Coet Instan Halal",Rp25.000,Brother Meat Shop,Depok,100+ terjual,4.9
Seblak Instan Pedas Home Made,Rp3.500,the Dhecip,Tangerang Selatan,2rb+ terjual,4.8
Seblak pedas kerupuk pedas kiloan 1 kg,Rp35.000,RIKI STORE 97,Kab. Bogor,100+ terjual,4.8
seblak instant sajodo snak,Rp19.000,hikmah berkah jaya,Jakarta Barat,750+ terjual,4.8
"Kylafood Seblak Cup Instan, Halal",Rp11.500,Brother Meat Shop,Depok,60+ terjual,5.0
Seblak Instan,Rp8.000,ROEMAH MOSLEM,Kab. Boyolali,40+ terjual,5.0
Geli Food Seblak Ceker Tanpa Tulang Super Pedas 180gr,Rp22.500,Lidigeli,Kab. Garut,40+ terjual,5.0
KERUPUK KRUPUK SEBLAK PEDAS 250 GR,Rp10.000,TOKO KUE MEISYA,Jakarta Pusat,100+ terjual,4.9
KERUPUK BAWANG WARNA MERAH KRUPUK SEBLAK MENTAH - 500 gram,Rp11.500,BociKakang,Jakarta Selatan,90+ terjual,5.0
"seblak ceker 500 gr pedas daun jeruk, gurih,cemilan bikin nagih",Rp17.499,aghniya,Tangerang Selatan,50+ terjual,4.9
Seblak instan yoi enak dan kenyang,Rp7.500,SeblakYoi,Bekasi,250+ terjual,5.0
seblak frozen,Rp10.400,pelangi girls naget,Jakarta Timur,2rb+ terjual,4.9
PROMO !!!! Seblak Instan Beli 20 free 1 Murah Enak,Rp4.550,ivy's-kitchen,Kab. Tangerang,500+ terjual,4.7
"Kylafood Seblak Cup Instan, Halal",Rp11.500,Brother Meat Shop,Depok,60+ terjual,5.0
SEBLAK INSTAN MAMANG TERMURAH,Rp4.000,global cookware1,Jakarta Barat,100+ terjual,4.9
Seblak Instan Ceu Nthien Khas Bandung Rasana Ngeunah Pisan,Rp17.000,Central Seblak Nusantara,Tangerang Selatan,2rb+ terjual,4.9
Kylafood Seblak Rempah Autentik,Rp10.000,Kylafood Jakarta,Jakarta Selatan,90+ terjual,5.0
KERUPUK SEBLAK MINI KENCUR JABLAY BANTET PEDAS 500GRAM KILOAN,Rp22.000,ajs(ale jaya snack),Jakarta Utara,30+ terjual,5.0
SAMBAL SEBLAK BY MAMANG RAFAEL ORIGINAL HALAL VIRAALLL,Rp39.900,Beauty DELUXE,Jakarta Barat,9 terjual,5.0
Gelifood Combo 3pcs Seblak Instan Kerupuk Mawar Kencur Pedas Rafael,Rp35.000,Lidigeli,Kab. Garut,100+ terjual,4.9
KERUPUK SEBLAK MENTAH 1KG WARNA WARNI - Mawar Warna,Rp23.500,BociKakang,Jakarta Selatan,250+ terjual,5.0
KRUPUK STIK RASA UDANG CAP PADI KAPAS KHAS INDRAMAYU BISA BUAT SEBLAK,Rp19.050,dariimyu,Kab. Indramayu,100+ terjual,5.0
Kylafood Seblak Rempah Autentik,Rp10.000,Kylafood Jakarta,Jakarta Selatan,90+ terjual,5.0
KERUPUK SEBLAK PEDAS KENCUR / SEMBRING SEBLAK KERITING BANTET 500 GRAM,Rp32.100,TOKO KUE MEISYA,Jakarta Pusat,40+ terjual,5.0
BASO ACI HOMEMADE boci isi12 bakso aci termurah baso aci fresh seblak,Rp4.990,NomeL Shop,Surabaya,2rb+ terjual,4.7
Sukro pilus Cikur Sari rasa 500 g - toping seblak - baso aci,Rp18.000,Distributor Cuanki dan Seblak,Kab. Bekasi,100+ terjual,4.9
KERUPUK MENTAH SERBA 5000 BAHAN SEBLAK,Rp6.000,GK_Snack,Kab. Bandung,750+ terjual,5.0
Seblak Instan Komplit Bumbu Basah,Rp9.859,Eatbam store,Jakarta Timur,70+ terjual,4.7
Kerupuk Seblak Pedas Krupuk Pelangi Pedas Seblak 200gram,Rp15.500,toko bemo,Jakarta Timur,500+ terjual,4.9
Seblak Hot Spicy By Bapper Food / Seblak Instant Khas Bandung,Rp16.800,Foodstocks,Jakarta Selatan,100+ terjual,5.0
KERUPUK jablay bantet/SEBLAK MINI PEDAS 250gram,Rp14.000,ajs(ale jaya snack),Jakarta Utara,90+ terjual,4.9
Kerupuk SEBLAK MAWAR Rafael - Cikruh Daun Jeruk,Rp20.000,KRIUK JAYA,Jakarta Barat,30+ terjual,4.9
KERUPUK SEBLAK KENCUR BERAT 250 gram,Rp11.500,aurel prima snack,Jakarta Barat,100+ terjual,4.9
Seblak RAFAEL | Seblak MAMANG RAFAEL | Seblak Viral ORIGINAL TATANGGA,Rp40.000,Beauty DELUXE,Jakarta Barat,16 terjual,5.0
Termurah Kerupuk Mentah-Kerupuk Seblak-Kerupuk Puli,Rp6.800,Djuragan Kerupuk,Surabaya,90+ terjual,5.0
Seblak Sultan instant,Rp14.000,Sultan Meat Shop,Medan,250+ terjual,4.8
KERUPUK SEBLAK PEDAS DAUN JERUK / KRUPUK SEBLAK KERING / SEBLAK PEDES,Rp25.000,Innes Oleh Oleh,Jakarta Barat,2 terjual,
kerupuk seblak pedas 1 kg / kerupuk seblak,Rp35.625,Adila_Putri_Snack,Kab.Ciamis,100+ terjual,4.8
PAKET BUNDLING HEMAT 12  (6 pcs seblak 6pcs baso aci ) MAKANAN INSTAN ,Rp44.999,gudangsnacktgr19,Kab. Tangerang,5 terjual,4.3
KERUPUK SEBLAK PEDAS / KRUPUK SEBLAK KERING DAUN JERUK PEDES,Rp25.000,LEGIT SNACK,Jakarta Barat,30+ terjual,5.0
KERUPUK JABLAY BANTET SEBLAK PELANGI,Rp15.999,Toko kue Sumber Mas,Jakarta Timur,500+ terjual,4.9
"CUANKI TAHU TOPING BASO ACI, SEBLAK, MIE INSTAN ENAK GURIH",Rp18.000,global cookware1,Jakarta Barat,1rb+ terjual,4.8
Kerupuk Seblak Rafael Pedas / Seblak Mawar Pedes - Duo Bocil Snack,Rp15.000,DUO BOCIL SNACK,Depok,40+ terjual,4.9
Gelifood Seblak Instan Kerupuk Mawar Bumbu Kencur Rafael Pedas Gurih,Rp13.000,Lidigeli,Kab. Garut,250+ terjual,4.8
seblak ceker pedas kerupuk,Rp10.000,ken-olshop,Bekasi,250+ terjual,5.0
"seblak ceker 250 gr pedas daun jeruk, gurih,cemilan bikin nagih",Rp9.999,aghniya,Tangerang Selatan,70+ terjual,4.9
KERUPUK / KERUPUK MENTAH / KERUPUK SEBLAK MENTAH / KRUPUK BWG 200gr,Rp5.000,SuperSnacksShop,Kab. Bandung,1rb+ terjual,4.9
SABRING KERUPUK SEBLAK PEDAS,Rp4.000,RIKI STORE 97,Kab. Bogor,40+ terjual,5.0
"pilus cikur/kencur renceng isi 20 bks. baso aci, seblak, cemilan dll",Rp9.999,aghniya,Tangerang Selatan,250+ terjual,5.0
Kylafood Seblak Original Play,Rp15.050,kylafood,Bandung,1rb+ terjual,5.0
KERUPUK PEDAS KRIWIL BANTAT ISI 250gr KRITING SEMBRING SEBLAK MAWAR,Rp17.248,AHR Jaya Snack,Jakarta Timur,50+ terjual,5.0
"keripik beling/kaca 1/2 kg. bumbu seblak daun jeruk enak, gurih, pedas",Rp25.999,aghniya,Tangerang Selatan,250+ terjual,4.9
Agen Seblak Mommy,Rp9.750,Kenal Jaya Bandung,Bandung,3rb+ terjual,4.9
"baso aci boci instan maci eco ayam, keju, seblak",Rp8.999,snackbox88,Bekasi,100+ terjual,4.9
krupuk seblak hah pedas gurih 500gr,Rp25.000,Markas Makaroni,Kab. Bekasi,750+ terjual,4.9
Kerupuk Jablay Bantet Seblak isi 10 pcs,Rp10.000,ken-olshop,Bekasi,250+ terjual,5.0
Seblak RAFAEL | Seblak MAMANG RAFAEL | Seblak Viral,Rp40.000,Naturally Plus Jakarta,Kab. Tangerang,250+ terjual,5.0
"siomay kering bandung 500 gr. untuk baso aci, seblak ,mie ayam dll",Rp14.999,aghniya,Tangerang Selatan,750+ terjual,4.9
krupuk seblak hah pedas gurih 200gr,Rp10.000,Markas Makaroni,Kab. Bekasi,1rb+ terjual,4.9
Kerupuk Mentah 250gr Seblak Mentah,Rp6.200,Pedas Gilaa,Surabaya,250+ terjual,5.0
Seblak Basranger Extra Pedas 200gr,Rp17.300,Rak Sebelah,Jakarta Pusat,250+ terjual,4.9
seblak instan jeletot jajanan hits bandung 1 porsi,Rp4.180,tokomakanankalimantan,Jakarta Barat,1rb+ terjual,4.8
Bundle - Basranger Seblak | Baso Aci Extra Pedas | Tulang Rangu,Rp56.300,Rak Sebelah,Jakarta Pusat,100+ terjual,4.9
CUANKIE SIOMAY ISI 50 TOPPING BASO ACI / SEBLAK,Rp18.000,Pusat Cuankie & Cemilan Frozen,Jakarta Timur,28 terjual,4.5
kerupuk bubur/ seblak / gado- gado/ ketoprak 500gr,Rp18.000,Taufik Bumbu Giling,Jakarta Selatan,100+ terjual,4.9
Seblak Instan Komplit Pedas Gurih Nikmat,Rp5.999,Baso Aci Ayang,Kab. Garut,2rb+ terjual,4.9
KERUPUK JABLAY/KERUPUK SEBLAK RASA PEDAS BERAT 250 GRAM,Rp11.500,aurel prima snack,Jakarta Barat,15 terjual,4.8
Kerupuk Seblak Rafael Mawar Kecil Mentah 500 Gr / Seblak Viral YONGKI,Rp12.000,insanprimastore,Tangerang Selatan,17 terjual,5.0
Kerupuk Seblak / Seblak / Kering Pedas /,Rp10.000,Anggris store,Kab. Bogor,50+ terjual,4.8
KERUPUK/KRUPUK SEBLAK RASA PEDAS TERLARIS ISI 250 GRAM NETT,Rp16.695,Toko kue Sumber Mas,Jakarta Timur,250+ terjual,4.9
Seblak Tokpokki by Inara Food,Rp23.000,Inara Food Official,Depok,6 terjual,5.0
krupuk seblak hah pedas gurih 1kg,Rp50.000,Markas Makaroni,Kab. Bekasi,500+ terjual,5.0
SEBLAK JELETET MURNI (AJAHH),Rp26.500,Seblak Jeletet Murni,Jakarta Pusat,1rb+ terjual,4.9
11 BUNGKUS SEBLAK MAMANG PAKET RESELLER,Rp42.000,global cookware1,Jakarta Barat,28 terjual,5.0
Paket Isi 6 Cuanki Instan Lakoca | Batagor Instan | Seblak Basah GFS,Rp93.840,Lakoca Official Shop,Cimahi,100+ terjual,4.8
KERUPUK SEBLAK PEDAS DAUN JERUK 100 GR,Rp4.500,BociKakang,Jakarta Selatan,500+ terjual,4.8
KERUPUK PEDAS KRIWIL BANTAT ISI 250gr KRITING SEMBRING SEBLAK MAWAR,Rp17.248,AHR Jaya Snack,Jakarta Timur,50+ terjual,5.0
PAKET 11 PCS SEBLAK COET SAMBAL IJO TATANGGA Food Rawit,Rp44.999,gudangsnacktgr19,Kab. Tangerang,,
seblak kencur / okesnack,Rp10.000,oke snack,Jakarta Selatan,750+ terjual,4.9
MASJAY Seblak Bumbu Membara Instant - No.1 Street Food Bandung,Rp15.000,Lidigeli,Kab. Garut,100+ terjual,4.9
kerupuk ikan mentah putih seblak gurih renyah garing 1000gr - M,Rp26.500,Radja Herbal Indonesia,Kab. Bekasi,17 terjual,5.0
Kerupuk Seblak Vegetarian Snack Vegan,Rp14.500,veggieku store,Jakarta Barat,7 terjual,4.8
kerupuk seblak pedas 1/2 kg / kerupuk seblak ½ - Pedas,Rp20.482,Adila_Putri_Snack,Kab.Ciamis,100+ terjual,4.8
Kerupuk Mie Pedas Bantet/ Kerupuk Seblak Keriting Pedas,Rp13.500,Homisnack Official,Jakarta Selatan,4 terjual,5.0
Gelifood Combo 3pcs Seblak Instan Kerupuk Mawar Kencur Pedas Rafael,Rp35.000,Lidigeli,Kab. Garut,100+ terjual,4.9
Seblak Instant Homemade Lengkap Bumbu,Rp5.000,Pedas Gilaa,Surabaya,3rb+ terjual,4.8
seblak instan,Rp4.555,tsr1997,Depok,2rb+ terjual,4.8
cuanki lidah khas garut 50 pcs enak untuk baso aci dan seblak ( BRY ),Rp15.999,aghniya,Tangerang Selatan,500+ terjual,4.9
Cuanki Batagor besar isi 25 pcs toping seblak baso Aci bakso cuanki,Rp8.600,Distributor Cuanki dan Seblak,Kab. Bekasi,100+ terjual,4.9
"Seblak Instant ""mBak'Well""",Rp15.000,Welly Mart,Tangerang Selatan,100+ terjual,5.0
Seblak Instan Kenyang Murah Asli Bandung Reseller Tanpa Pengawet,Rp6.173,Berkah Food Bandung,Cimahi,6rb+ terjual,4.9
Seblak Kerupuk,Rp12.000,agen produk organik jkt,Jakarta Timur,,
Kerupuk Pedas Sebring Seblak Keriting Extra Pedas Kencur isi 150 Gram - 150gr,Rp12.000,toko kue pundi mas,Jakarta Pusat,100+ terjual,4.8
kerupuk seblak pedas/kerupuk jablai 100gram,Rp8.000,Warung Snackk,Tangerang,11 terjual,5.0
Seblak Tulang Rangu Nyai Mercon,Rp21.000,Jajanan Hits (JS),Tangerang Selatan,30+ terjual,5.0
SEBRING KRUPUK KERUPUK SEBLAK KERING PEDAS DAUN JERUK 1KG CABE ASLI,Rp16.000,Aydaa Snack,Surakarta,70+ terjual,4.9
"seblak ceker 1 kg pedas daun jeruk, gurih,cemilan bikin nagih",Rp35.999,aghniya,Tangerang Selatan,40+ terjual,5.0
SEBLAK BAPPER INSTAN EXTRA HOT,Rp15.900,Ss_Frozenfood,Jakarta Timur,250+ terjual,4.9
KERUPUK SEBLAK PEDAS KENCUR / SEMBRING SEBLAK KERITING BANTET 500 GRAM,Rp32.100,TOKO KUE MEISYA,Jakarta Pusat,40+ terjual,5.0
Krupuk seblak//Krupuk Bantet 250gr,Rp6.000,Bunda alifba,Jakarta Barat,40+ terjual,4.8
Seblak Bapper,Rp13.999,Pedas Gilaa,Surabaya,250+ terjual,4.9
Seblak Rempah Autentik isi 5 pcs,Rp45.000,Kylafood Jakarta,Jakarta Selatan,40+ terjual,5.0
KERUPUK SEBLAK PEDAS DAUN JERUK 100 GR,Rp4.500,BociKakang,Jakarta Selatan,500+ terjual,4.8
Seblak Putih Pedas / Kerupuk Bawang Pedas Odjolali Oleh Oleh Bsndung,Rp9.000,The Little Snacks,Tangerang Selatan,1rb+ terjual,4.9
Seblak Putih Pedas / Kerupuk Bawang Pedas Odjolali Oleh Oleh Bsndung,Rp9.000,The Little Snacks,Tangerang Selatan,1rb+ terjual,4.9
Seblak Rempah Autentik isi 5 pcs,Rp45.000,Kylafood Jakarta,Jakarta Selatan,40+ terjual,5.0
MASJAY Combo 3pcs Seblak Bandung Instant Bumbu Pedas Membara,Rp39.000,Lidigeli,Kab. Garut,29 terjual,4.7
Kerupuk Kepang/Rantai Mentah Warna Warni Merk Singa Kerupuk Seblak  - 250gr,Rp6.790,Djuragan Kerupuk,Surabaya,2 terjual,
Kerupuk Seblak Mentah Warna-Warni/Kerupuk Seblak Mini Mentah,Rp8.000,Homisnack Official,Jakarta Selatan,,
Kerupuk Seblak Viral / Kerupuk Mawar Putih Viral Mentah 250gram,Rp8.000,Bumbukeluargakita,Jakarta Barat,18 terjual,5.0
Seblak Komplit⠀⠀,Rp5.500,lisdhacollection,Kab. Garut,2rb+ terjual,4.8
Seblak beton extra pedas daun jeruk 500gram,Rp25.500,Seblak Guludug Bandung,Kab. Bandung,10 terjual,5.0
SEBLAK JUMBO + SOSIS INSTANT,Rp5.800,Pusat Cuankie & Cemilan Frozen,Jakarta Timur,1rb+ terjual,4.7
PAKET MIX HEMAT 25 BASO ACI/BOCI/SEBLAK/CUANKI,Rp45.000,ArfaOnlineShop,Tangerang,70+ terjual,4.9
SEBLAK INSTAN SAJODO SNACK,Rp18.500,Sajodo Snack & Food,Tasikmalaya,70+ terjual,5.0
KERUPUK SEBLAK KENCUR/SEBLAK CIKRUH BERAT 500 GRAM,Rp22.500,aurel prima snack,Jakarta Barat,8 terjual,3.7
seblak / paket seblak bumbu komplit pedas ekonomis,Rp3.479,Grosir Putra Bdg,Kab. Bandung,250+ terjual,4.9
"CUANKI TAHU TOPING BASO ACI, SEBLAK, MIE, ENAK DAN GURIH",Rp18.000,global cookware1,Jakarta Barat,90+ terjual,4.9
Omiyago Snack Kerupuk Seblak,Rp6.020,omiyago,Jakarta Barat,30+ terjual,4.8
Kerupuk Seblak Kencur Pedas Gurih - Anum Sari - 250 Gram,Rp14.000,ANUM SARI,Tangerang Selatan,70+ terjual,4.9
cemilan SEBLAK KARI PEDAS 65gr,Rp4.500,oke snack,Jakarta Selatan,100+ terjual,4.8
GFS Seblak Basah Instan Original - Tinggal Seduh 3 Menit Langsung Siap,Rp16.618,Lakoca Official Shop,Cimahi,100+ terjual,4.9
Kerupuk Seblak Putih/ Kerupuk Seblak Putih Pedas Daun Jeruk,Rp15.000,Homisnack Official,Jakarta Selatan,5 terjual,5.0
Kerupuk Seblak RAFAEL / Krupuk Seblak Pedas Bantet - Molagi Snack - 250 Gram,Rp15.000,MOLAGI SNACK,Depok,5 terjual,
Bundle 3pcs - Seblak Basranger Extra Pedas 200gr Makanan Instan,Rp51.900,Rak Sebelah,Jakarta Pusat,50+ terjual,4.8
"CUANKI SIOMAY TOPING BASO ACI, MIE INSTAN, SEBLAK",Rp17.500,global cookware1,Jakarta Barat,500+ terjual,4.8
KERUPUK SEBLAK JABLAY 250 GRAM,Rp10.000,TOKO KUE MEISYA,Jakarta Pusat,250+ terjual,4.9
KERUPUK KRUPUK JABLAY SEBLAK PELANGI KILOAN TERLARIS 250 GRAM,Rp15.000,toko kue pundi mas,Jakarta Pusat,100+ terjual,4.9
KERUPUK SEBLAK RAFAEL PEDAS DAUN JERUK 250GRAM SNACK KILOAN,Rp15.000,ajs(ale jaya snack),Jakarta Utara,10 terjual,4.7
KERUPUK SEBLAK Aneka Warna PEDAS ... HOT,Rp14.000,KRIUK JAYA,Jakarta Barat,100+ terjual,4.7
Cuanki lidah standar 150 pcs khas garut untuk baso aci & Seblak K'rasa,Rp39.999,aghniya,Tangerang Selatan,500+ terjual,4.9
KERUPUK / KRUPUK SEBLAK RAFAEL RENYAH / GURIH / CRISPY / KRISPY ,Rp6.600,TOKO SNACK JAKARTA HENDI,Jakarta Timur,1rb+ terjual,4.8
"seblak krupuk 5000 ,pedas dan gurih",Rp4.000,anugrah seblak,Kab. Bandung,1rb+ terjual,4.7
Makanan Kering Kerupuk Seblak Pedas 100 gram,Rp5.000,BLIBET,Jakarta Barat,8 terjual,5.0
"keripik beling / kaca 1 kg. bumbu seblak daun jeruk enak, gurih, pedas",Rp44.999,aghniya,Tangerang Selatan,250+ terjual,4.8
kerupuk seblak pedas / kerupuk jablay,Rp15.000,CAMILLANS,Jakarta Selatan,17 terjual,4.9
Kerupuk Merah Seblak 250gr BANDUNG,Rp4.950,yohangunawan94,Bandung,750+ terjual,5.0
SEBLAK COET BY NYEMILSAJI,Rp15.287,nyemilsaji,Kab. Bandung,60+ terjual,5.0
Seblak Uleg Ala Mamang Rafael,Rp9.000,Ghery Durian Shop,Jakarta Timur,25 terjual,5.0
Termurah Kerupuk Mentah-Kerupuk Seblak-Kerupuk Puli,Rp6.800,Djuragan Kerupuk,Surabaya,90+ terjual,5.0
Seblak Ceker Instant | Seblak Ceker Cap Dia Putra | Seblak Ceker,Rp7.500,GshoesTreatment,Kab. Bogor,29 terjual,5.0
SEBLAK CEKER CAP DUA PUTRA ISI 20 X 10 gram,Rp9.000,HRNWN STORE,Kab. Tangerang,11 terjual,5.0
Kerupuk Seblak Kencur / Seblak Jablay Viral @100-500gr,Rp9.000,Toko Camilan Anyar,Surabaya,80+ terjual,4.9
SEBLAK COBEK VIRAL ALA RAFAEL DIJAMIN ENAK,Rp6.000,Uai Food,Surabaya,80+ terjual,4.7
Kerupuk Seblak Pedas 200gram,Rp17.000,toko bemo,Jakarta Timur,100+ terjual,4.8
Kerupuk seblak orens / kerupuk sari laut orange mentah,Rp5.800,home_nature,Kab. Tangerang,60+ terjual,5.0
Bakso Aci Seblak Mie instant baso kekinian halal murah enak,Rp6.999,Maya Light Electro,Tangerang,30+ terjual,4.6
SEBLAK INSTAN MOMMY,Rp13.500,Rav Jaya Display,Kab. Tangerang,1rb+ terjual,4.8
Mie Seblak Geprek Sami Raos Khas Garut Seblak Instant Kekinian 160gr,Rp17.160,Foodstocks,Jakarta Selatan,80+ terjual,4.9
kerupuk seblak kering enak gurih,Rp5.000,RIKI STORE 97,Kab. Bogor,250+ terjual,4.8
Kerupuk Merah/Kerupuk Seblak Mentah,Rp7.000,Nyonya Sayur,Jakarta Pusat,100+ terjual,5.0
GURILEM MINI 1KG Siomay Kering Toping Baso Aci Cuanki Seblak,Rp29.999,Pedas Gilaa,Surabaya,750+ terjual,4.9
KERUPUK SEBLAK SAMBAL KRUPUK KERITING KECIL Mentah Krupuk,Rp7.900,Iguazabest777,Kab. Tangerang,50+ terjual,4.9
Seblak Instan Jontor Plus Bumbu Kencur - Seblak Pedas Medok,Rp7.600,snackbox88,Bekasi,30+ terjual,5.0
KERUPUK KRUPUK SEBLAK PEDAS 250 GR,Rp10.000,TOKO KUE MEISYA,Jakarta Pusat,100+ terjual,4.9
MASJAY Seblak Bumbu Membara Instant - No.1 Street Food Bandung,Rp15.000,Lidigeli,Kab. Garut,100+ terjual,4.9
KERUPUK SEBLAK RAFAEL KERING BANTAT PEDES DAUN JERUK 250gr,Rp16.000,AyundaSnack,Bandung,50+ terjual,4.8
Mamafuji - PROMO BUNDLING !!! SEBLAK & BAKSO ACI,Rp41.999,Mama Fuji Official,Tangerang,50+ terjual,4.6
TOPPING SEBLAK/BASO ACI PAKET MIX TERMURAH/CUANKI/CUANKIE,Rp34.999,ArfaOnlineShop,Tangerang,100+ terjual,4.9
kerupuk seblak mentah,Rp14.000,warung sayur putri,Depok,,
Seblak Instan Sehati,Rp13.000,Official Kartika Sari,Bandung,500+ terjual,5.0
Bumbu Seblak - Cairo Food,Rp25.500,Cairo Food,Jakarta Pusat,29 terjual,5.0
KERUPUK/KRUPUK SEBLAK RASA PEDAS TERLARIS ISI 250 GRAM NETT,Rp16.695,Toko kue Sumber Mas,Jakarta Timur,250+ terjual,4.9
Seblak Merah Pedas / Kerupuk Bawang Oleh Oleh Bandung Odjolali,Rp9.000,The Little Snacks,Tangerang Selatan,500+ terjual,4.9
SEBLAK JUARA INSTAN MASAK BASAH ASLI BANDUNG ENAK MANTAP - Original,Rp22.000,Rasa Juara Indonesia,Kab. Bandung,1rb+ terjual,4.9
Kerupuk Mawar Tipis Merk Singa Kerupuk Seblak Kerupuk Mentah - 1kg,Rp28.130,Djuragan Kerupuk,Surabaya,4 terjual,5.0
siomay mini kering 1kg toping seblak baso aci,Rp25.000,CUANKI CULAMETAN,Kab. Garut,100+ terjual,4.9
seblak Abah aceng paling top pedas mantul,Rp5.000,cemilan Bandungstore,Cimahi,4 terjual,
Seblak Juara ! Seblak Instan Rasa Original - 2 Ori 4 Rd,Rp115.000,Rasa Juara Indonesia,Kab. Bandung,2rb+ terjual,4.9
BASO ACI INSTANT x SEBLAK INSTANT - HALU! EMAK INDAH FOOD,Rp44.600,Pempek Emak Indah,Jakarta Barat,50+ terjual,4.9
seblak kencur / okesnack,Rp10.000,oke snack,Jakarta Selatan,750+ terjual,4.9
krupuk stik seblak pedas-200gram,Rp13.500,yumnaa snack,Kab. Bekasi,30+ terjual,5.0
Kerupuk Seblak Vegetarian Snack Vegan,Rp14.500,veggieku store,Jakarta Barat,7 terjual,4.8
snack kiloan kerupuk seblak pedas nagih 250 gram free bubble warp,Rp16.000,camilaNung,Bekasi,500+ terjual,4.8
seblak instan jawara pedas sehot bandung,Rp13.000,cemilan Bandungstore,Cimahi,60+ terjual,4.9
Baso urat djuara sami raos/Baso Aci Urat /Seblak,Rp26.000,Snackzone PP,Jakarta Pusat,25 terjual,5.0
"paket bundling 10 pcs 3 bocigar, 3 seblak instan, 4 cuanki instan ",Rp50.000,cemilan Bandungstore,Cimahi,1 terjual,
"paket komplit cuanki instan 5pcs, seblak 3pcs, boci mini 3pcs",Rp55.000,cemilanindonesia22,Kab. Garut,,
Paket Isi 6 Makaroni Basah Instan | Seblak Basah Instan,Rp93.840,Lakoca Official Shop,Cimahi,15 terjual,4.8
seblak super hot isi 24 pcs ,Rp10.800,Toko JJ Cleon,Palembang,15 terjual,4.8
Seblak Mommy,Rp13.900,Gerai Snack Official Shop,Kab. Tangerang,2rb+ terjual,4.6
TAHU STICK / TAHU KERITING ISI 50 PCS TOPPING BASO ACI / SEBLAK,Rp18.000,Pusat Cuankie & Cemilan Frozen,Jakarta Timur,30+ terjual,5.0
Kerupuk SEBLAK MAWAR Rafael - Cikruh Daun Jeruk ( 1 KG ),Rp79.000,KRIUK JAYA,Jakarta Barat,7 terjual,5.0
Kerupuk SEBLAK KERITING PEDAS,Rp20.000,KRIUK JAYA,Jakarta Barat,100+ terjual,4.9
SEBLAK JELETET MURNI ( BOHAYY),Rp34.000,Seblak Jeletet Murni,Jakarta Pusat,750+ terjual,4.8
kerupuk seblak pedas daun jeruk,Rp5.000,RIKI STORE 97,Kab. Bogor,100+ terjual,4.7
Seblak Instan KSN,Rp10.000,Ohayo Bento New,Jakarta Timur,30+ terjual,4.8
cuanki/cuankie lidah 50 pcs khas Garut topping baso Aci/seblak/boci,Rp16.999,ArfaOnlineShop,Tangerang,100+ terjual,4.9
Cuanki Lidah Kerupuk Cuanky Topping Baso Aci Seblak isi 150 Pcs,Rp33.000,Kerabat Official Store,Kab. Tasikmalaya,100+ terjual,4.9
Soun Seblak Geprek SAMI RAOS Khas Garut - Soun Seblak,Rp19.500,Foodstocks,Jakarta Selatan,30+ terjual,4.8
Paket 5 pcs Seblak Instan Ceu Nthien terdekat Viral,Rp85.000,Central Seblak Nusantara,Tangerang Selatan,17 terjual,5.0
Baso urat djuara sami raos/Baso Aci Urat /Seblak,Rp26.000,Snackzone KK,Jakarta Selatan,8 terjual,5.0
Seblak instant isi korean tteokbokki dan odeng,Rp16.900,dse_food,Kab. Bogor,,
seblak instang gangkampung 10pcs,Rp46.000,cemilanindonesia22,Kab. Garut,,
Geli Food Seblak Ceker Tanpa Tulang Super Pedas 180gr,Rp22.500,Lidigeli,Kab. Garut,40+ terjual,5.0
kerupuk seblak kering pedas 500 gr hot spicy keripik enak,Rp22.000,JAGO TOK PETOK,Surabaya,100+ terjual,4.9
Kerupuk Orange 250 gr Krupuk Sumber Sari Seblak Sumbersari Oren Merah,Rp6.500,Celikafood,Bandung,100+ terjual,4.9
Kerupuk Seblak viral /Kerupuk Mawar Mentah 500gram,Rp15.000,Bumbukeluargakita,Jakarta Barat,11 terjual,4.0
Kerupuk Seblak Pedas Gurih aroma Kencur,Rp15.000,DUO BOCIL SNACK,Depok,1rb+ terjual,4.7
seblak instan carla komplit batagor siomay jajanan khas bandung,Rp14.500,humaniss,Tangerang Selatan,10 terjual,5.0
Kerupuk Bawang Mentah Premium / Krupuk Seblak Warna Warni 1 Kg,Rp21.500,Sinar Baru Group,Jakarta Selatan,80+ terjual,4.9
MAKARONI bantet 70gr krupuk SEBLAK krupuk UDANG KERUPUK BANTET,Rp2.600,NomeL Shop,Surabaya,500+ terjual,4.8
KRUPUK / KERUPUK MENTAH / KERUPUK SEBLAK MENTAH 1kg SLONDOK,Rp21.000,SuperSnacksShop,Kab. Bandung,250+ terjual,4.9
5 Pack Seblak Instant CARLA,Rp67.500,Seblak carla,Tangerang,40+ terjual,5.0
Seblak Basranger Extra Pedas 200gr,Rp17.300,Rak Sebelah,Jakarta Pusat,250+ terjual,4.9
"[OYI] Seblak Instant ""mBak'Well"" Rasa Mantap Bikin Nagih",Rp15.000,Welly Mart,Tangerang Selatan,2 terjual,
SEBLAK ACI JAGUAR TERLEZAT BASO ACI BAKSO ACI NIKMAT BELI 5 GRATIS 1,Rp10.000,Uai Food,Surabaya,750+ terjual,4.8
Seblak frozen ,Rp16.000,Toko_Mamake,Kab. Tangerang,,
Seblak Cup Instan Komplit Original - Pedas Gurih Spesial,Rp12.600,indieshop786,Kab. Garut,,
YIMS seblak instant pedas napol termurah khas garut kerupuk seblak teh,Rp5.500,Yimshop,Semarang,250+ terjual,4.7
Seblak Instan Kenyang Murah Asli Bandung Reseller Tanpa Pengawet,Rp6.173,Berkah Food Bandung,Cimahi,6rb+ terjual,4.9
Kerupuk mawar putih mentah 1ball (5kg)/kerupuk seblak viral rafael,Rp105.000,Semesta kerupuk,Tangerang Selatan,30+ terjual,5.0
Sebring seblak kering,Rp4.444,tsr1997,Depok,100+ terjual,4.8
KERUPUK SEBLAK MENTAH 1KG WARNA WARNI,Rp23.500,BociKakang,Jakarta Selatan,250+ terjual,5.0
Seblak Blak mie,Rp11.000,ken-olshop,Bekasi,250+ terjual,5.0
MIE BURUNG DARA ISI 30 PCS BASO ACI/BOCI/SEBLAK,Rp26.000,ArfaOnlineShop,Tangerang,40+ terjual,4.6
SEBLAK KERING PEDAS DAUN JERUK,Rp4.500,BociKakang,Jakarta Selatan,750+ terjual,4.6
kerupuk mix 100 gram campuran seblak,Rp2.999,ArfaOnlineShop,Tangerang,20 terjual,5.0
KERUPUK JABLAY/KERUPUK SEBLAK RASA PEDAS,Rp19.500,aurel prima snack,Jakarta Barat,17 terjual,5.0
SIOMAY MINI KERING 250 GRAM BASO ACI/BOCI/SEBLAK/CUANKI/CUANKIE,Rp9.999,ArfaOnlineShop,Tangerang,80+ terjual,4.9
Seblak Merah Pedas / Kerupuk Bawang Oleh Oleh Bandung Odjolali,Rp9.000,The Little Snacks,Tangerang Selatan,500+ terjual,4.9
KERUPUK PEDAS SEBLAK JABLAY WARNA WARNI KILOAN TERLARIS 25OGR,Rp15.000,TOKO KUE MEISYA 2,Jakarta Pusat,50+ terjual,4.9
Somay mini Gurilem batagor mini toping seblak baso Aci cuanki 1kg,Rp28.500,Distributor Cuanki dan Seblak,Kab. Bekasi,100+ terjual,4.8
kerupuk bawang mentah -+5kg untuk seblak warna warni. wajib grab/gojek,Rp68.500,olshoppwgi,Tangerang Selatan,12 terjual,5.0
Kerupuk Seblak Pedas Gurih Kencur 250 Gram - Tam Snack,Rp14.000,TAM SNACK,Depok,100+ terjual,4.8
KERUPUK SEBLAK PUTIH PEDAS 250 gr,Rp16.000,Kurniarasa Baltos,Bandung,100+ terjual,4.9
Kerupuk mawar putih mentah 500gram / kerupuk ikan mentah /seblak viral,Rp12.000,Semesta kerupuk,Tangerang Selatan,90+ terjual,5.0
KERUPUK / KRUPUK SEBLAK RASA PEDAS / TERLARIS / KILOAN 500 GR,Rp31.164,Toko kue Sumber Mas,Jakarta Timur,100+ terjual,4.8
krupuk seblak pedas daun jeruk,Rp10.000,toko cemilan rafiqi,Jakarta Barat,100+ terjual,5.0
KERUPUK / KRUPUK SEBLAK RASA PEDAS / TERLARIS / KILOAN 1 KG,Rp60.102,Toko kue Sumber Mas,Jakarta Timur,90+ terjual,4.9
Kerupuk Seblak,Rp8.000,SNACK JAKARTA 411,Jakarta Barat,250+ terjual,5.0
Kerupuk seblak bantet pedas 75 gr enak renyah,Rp4.500,RIKI STORE 97,Kab. Bogor,3 terjual,5.0
kerupuk bawang orange seblak - 250 gr,Rp8.500,annamustikashop,Jakarta Barat,30+ terjual,5.0
KERUPUK SEBLAK MENTAH ANEKA WARNA,Rp11.500,jajanangarut19,Jakarta Selatan,250+ terjual,4.9
SEBLAK INSTANT HALU - SEBLAK MIE HALU - EMAK INDAH FOOD,Rp19.999,Pempek Emak Indah,Jakarta Barat,250+ terjual,4.7
seblak kerupuk bantet kering 75 gram,Rp5.000,RIKI STORE 97,Kab. Bogor,90+ terjual,4.7
Kerupuk Seblak Kencur Pedas Gurih - Anum Sari,Rp14.000,ANUM SARI,Tangerang Selatan,70+ terjual,4.9
Seblak Ceker Cap Dua Putra,Rp8.000,Medina Snack Grosir,Kab. Sukabumi,100+ terjual,5.0
Seblak Rafael Original Asli 100% (Ready Stock) seblak coet @rafaeltan,Rp38.000,Eldenta Shop,Surabaya,50+ terjual,5.0
"Kylafood Paket ( Seblak Original, Batagor, Cireng Rujak, Boci Goang)",Rp71.250,kylafood,Bandung,500+ terjual,4.9
Somay mini Gurilem batagor mini toping seblak baso Aci cuanki 500 gr,Rp13.999,Distributor Cuanki dan Seblak,Kab. Bekasi,100+ terjual,4.9
[PUTRI] Seblak Instan Ceu Nthien Khas Bandung Rasana Ngeunah Pisan,Rp17.000,Central Seblak Nusantara,Tangerang Selatan,1rb+ terjual,5.0
Kerupuk Seblak kering pedas RIKI,Rp8.800,Van Kios,Bandung,1rb+ terjual,4.9
Seblak Rafael,Rp25.000,Seblak Rafael Official,Kab. Garut,40+ terjual,4.8
Seblak kering pedas daun jeruk 1/2 kg,Rp30.000,maherashop,Bandung,,
Mie Seblak Geprek Sami Raos Khas Garut Seblak Instant Kekinian 160gr,Rp17.160,Foodstocks,Jakarta Selatan,80+ terjual,4.9
cuanki lidah asli garut isi 150 pcs,Rp31.000,kira3arut,Kab. Garut,9rb+ terjual,4.9
[PUTRI] Seblak Instan Ceu Nthien Khas Bandung Rasana Ngeunah Pisan - Batagor Kuah,Rp17.000,Central Seblak Nusantara,Tangerang Selatan,1rb+ terjual,5.0
Seblak Instan Komplit Rasa Tom Yum Cup 85gr Pusaka Parahyangan,Rp12.600,indieshop786,Kab. Garut,,
Gelifood Combo 3pcs Seblak Ceker Tanpa Tulang Super Pedas,Rp60.000,Lidigeli,Kab. Garut,24 terjual,4.2
Cancimen Seblak Ramen Mas Miun Instan Cemilan Cup Kekinian Khas Garut,Rp17.000,The Little Snacks,Tangerang Selatan,60+ terjual,5.0
cuanki tahu kering seblak isi 50 pcs toping seblak baso aci,Rp12.500,CUANKI CULAMETAN,Kab. Garut,250+ terjual,4.9
"Kylafood Paket ( Seblak Original, Batagor, Cireng Rujak, Boci Goang)",Rp71.250,kylafood,Bandung,500+ terjual,4.9
Bundle - Basranger Seblak | Baso Aci Extra Pedas | Tulang Rangu,Rp56.300,Rak Sebelah,Jakarta Pusat,100+ terjual,4.9
Kerupuk Seblak Pedas/Kerupuk Seblak Bantet Pedas 250 Gram,Rp12.500,jsr rempah indonesia,Jakarta Selatan,17 terjual,5.0
Kerupuk Pedas Sebring Seblak Keriting Extra Pedas Kencur isi 150 Gram,Rp12.000,toko kue pundi mas,Jakarta Pusat,100+ terjual,4.8
KERUPUK MENTAH KERUPUK SEBLAK MENTAH 500 GR,Rp12.500,BociKakang,Jakarta Selatan,100+ terjual,4.9
BASRENG 1 KG SEBLAK DAUN JERUK PURUT SUPER PEDAS ORIGINAL SUPER RENYAH,Rp51.771,Grosir Besar Kalimantan,Banjarbaru,16 terjual,5.0
3 BASO ACI FREE SEBLAK SAJODO SNACK & FOOD,Rp63.000,Sajodo Snack & Food,Tasikmalaya,17 terjual,5.0
Omiyago Snack Kerupuk Seblak,Rp6.020,omiyago,Jakarta Barat,30+ terjual,4.8
Kylafood Paket 2 Seblak Original 3 Batagor Kuah,Rp96.375,kylafood,Bandung,250+ terjual,4.9
SEBLAK ACI JAGUAR BASO ACI BAKSO ACI NIKMAT BELI 5 GRATIS 1,Rp10.000,Uai Food,Surabaya,30+ terjual,4.4
"Paket Happy (Seblak Original, Batagor Kuah, Bacil)",Rp55.875,kylafood,Bandung,500+ terjual,4.9
Bundle 3pcs - Seblak Basranger Extra Pedas 200gr Makanan Instan,Rp51.900,Rak Sebelah,Jakarta Pusat,50+ terjual,4.8
seblak ceker pedas (Snack Cemilan) . Seblak Ceker Snack Makanan Ringan,Rp12.000,rendy store snack,Tangerang Selatan,100+ terjual,4.9
Seblak Instan Carla 100gr,Rp14.000,3Key Frozen,Tangerang,30+ terjual,5.0
"siomay mini kering 250 gr enak renyah untuk basoaci,seblak,cemilan dll",Rp9.999,aghniya,Tangerang Selatan,100+ terjual,4.8
Cireng Seblak Instan,Rp18.500,JajananArkanAnin,Kab. Bogor,6 terjual,5.0
seblak ceker pedas,Rp8.950,snack_it,Tangerang Selatan,250+ terjual,4.9
Pilus Cikur 1Kg Khas Garut Topping Baso Aci / Seblak,Rp28.000,Pedas Gilaa,Surabaya,500+ terjual,4.9
KERUPUK SEBLAK / SEBLAK GORENG / SEBLAK KERING RAFAEL / KRUPUK PEDAS,Rp16.000,ngemildotcom,Depok,16 terjual,5.0
Bumbu Seblak 200 g Dengan Kerupuk,Rp34.980,MSH Rempah,Jakarta Selatan,80+ terjual,5.0
BUMBU KENCUR SEBLAK INSTANT,Rp1.200,Pusat Cuankie & Cemilan Frozen,Jakarta Timur,500+ terjual,5.0
Seblak Bantat Boboko Pedas Daun Jeruk Level 13 Khas Bandung 200g,Rp18.700,Gerai Snack Official Shop,Kab. Tangerang,100+ terjual,4.7
Kylafood Seblak Rempah Autentik isi (5pcs),Rp45.235,kylafood,Bandung,100+ terjual,4.6
seblak keong pedas maknyus - 100 gram,Rp10.000,jajansnacks jkt,Jakarta Barat,100+ terjual,4.9
Kylafood Mix Fav Selebgram Seblak Original & Batagor kuah,Rp32.500,kylafood,Bandung,50+ terjual,4.4
Basranger Baso Aci Cuanki Extra Pedas 200gr - Makanan Instan Premium,Rp23.400,Rak Sebelah,Jakarta Pusat,100+ terjual,4.9
 Kylafood Seblak karuhun,Rp10.530,kylafood,Bandung,4rb+ terjual,4.8
KERUPUK SEBLAK 250gr / KRUPUK SEBLAK DAUN JERUK / SEBLAK PEDAS,Rp12.500,Dapur Sehat21,Kab. Bandung,100+ terjual,4.9
kerupuk seblak cocol mentah viral mawar 100gram,Rp5.000,cemilanceuromlah,Bandung,250+ terjual,5.0
keripik seblak/Seblak Kering/Kerupuk Bantat/Sebring/mak cudot 70gr,Rp5.125,mak_cudot,Jakarta Utara,10 terjual,5.0
kerupuk seblak kencur pedas gurih,Rp5.500,RIKI STORE 97,Kab. Bogor,40+ terjual,4.6
"Kerupuk seblak rafael 1 Kg, 500 Gr, 250 Gr, 100 gr",Rp11.000,Sari Barokah Mandiri,Tangerang,7 terjual,5.0
10 BUNGKUS SEBLAK COBEK ALA RAFAEL,Rp40.000,global cookware1,Jakarta Barat,5 terjual,5.0
SEBLAK BANTAT PEDES DAUN JERUK 250GR,Rp18.000,Madinah Oleh Oleh Bdg,Bandung,100+ terjual,4.9
GRATIS KARDUS CUANKI MIX MURAH - BISA COD - TOPING SEBLAK - BASO ACI,Rp30.000,Distributor Cuanki dan Seblak,Kab. Bekasi,40+ terjual,4.8
Sabring kerupuk seblak kering pedas 75 gram,Rp5.000,RIKI STORE 97,Kab. Bogor,28 terjual,4.2
"SAWARGI Snack, Kerupuk seblak, Seblak kering, Sebring, 1/4kg",Rp17.000,Sawargi Snack,Bandung,250+ terjual,4.8
KERUPUK SEBLAK,Rp6.000,Malmilty,Kab. Bogor,,
Kylafood Mix Pentol Kuah dan Seblak Original,Rp39.500,kylafood,Bandung,16 terjual,5.0
Geli Chips - Seblak Kering Pedas Gurih Daun Jeruk 65gr,Rp10.200,Foodstocks,Jakarta Selatan,30+ terjual,5.0
Kylafood Seblak Rempah Autentik isi (10pcs),Rp90.470,kylafood,Bandung,50+ terjual,4.9
Seblak Pedas Kicimpring Iyagasih,Rp15.000,Gerai Singawada,Kab. Majalengka,6 terjual,5.0
SEBRING 250 GRAM / KERUPUK SEBLAK MAWAR,Rp14.000,Dapur Sehat21,Kab. Bandung,11 terjual,5.0
Sabring kerupuk seblak jablay pedas Jumbo,Rp15.000,RIKI STORE 97,Kab. Bogor,20 terjual,4.8
Bumbu seblak instant 10pcs,Rp16.022,arjuna shop1,Bandung,750+ terjual,4.9
Kylafood Mix Fav Selebgram Seblak Original & Batagor kuah,Rp32.500,kylafood,Bandung,50+ terjual,4.4
Cuanki Lidah 50 pcs topingan seblak baso Aci bakso cuanki,Rp13.500,Distributor Cuanki dan Seblak,Kab. Bekasi,250+ terjual,4.8
kerupuk seblak polos pedas 500gr jajanan cemilan sneck makanan keripik,Rp20.000,pelangi khatulistiwa 2,Surabaya,40+ terjual,4.9
KRUPUK SEBLAK BANTET KENCUR 250gr / SNACK KILOAN MURAH / SEBLAK CIKUR,Rp8.999,almasnack,Kab. Bekasi,50+ terjual,4.9
"siomay pedas kering,daun jeruk,500g,cemilan pedas,seblak,siomay bandun",Rp23.000,anugrah seblak,Kab. Bandung,250+ terjual,4.7
Baso urat djuara sami raos/Baso Aci Urat /Seblak,Rp26.000,Snackzone PP,Jakarta Pusat,25 terjual,5.0
SEBLAK INSTAN | SEBLAK INSTAN HOMEMADE SUPER LENGKAP,Rp4.999,Kairashop_id,Surabaya,19 terjual,4.4
KERUPUK PEDAS JABLAY PELANGI 500gr / Seblak Kering Bantat Seblak,Rp32.198,AHR Jaya Snack,Jakarta Timur,10 terjual,5.0
Soun Seblak Geprek SAMI RAOS Khas Garut - Soun Seblak,Rp19.500,Foodstocks,Jakarta Selatan,30+ terjual,4.8
KRUPUK STIK RASA UDANG CAP PADI KAPAS KHAS INDRAMAYU BISA BUAT SEBLAK,Rp19.050,dariimyu,Kab. Indramayu,100+ terjual,5.0
Kerupuk Mentah seblak 1kg,Rp18.000,DINAYASHOP,Jakarta Barat,70+ terjual,4.5
KERUPUK STIK SEBLAK 200 GRAM,Rp12.500,GUPONG ABIMANYU,Depok,17 terjual,5.0
baso aci / seblak instan/ batagor kuah milanial,Rp5.999,Suncity.,Kab. Tangerang,2rb+ terjual,4.9
Kerupuk Joged Bawang Bibir Warna Warni mentah 500gr Seblak,Rp12.000,insanprimastore,Tangerang Selatan,20 terjual,4.9
Cuanki tahu Gepeng Geprek isi 20 pcs toping seblak baso Aci baso,Rp8.500,Distributor Cuanki dan Seblak,Kab. Bekasi,80+ terjual,4.8
"seblak kerupuk kering,pedo,krupuk mawar,pedas daun jeruk,kerupuk gelun",Rp5.000,SEBLAK MANTUL,Kab. Bandung,90+ terjual,4.9
kerupuk seblak bintang pedas,Rp15.500,keyz shop78,Bandung,60+ terjual,4.8
CAMILAN SEBLAK PEDAS 250GR JAJANAN OLEH-OLEH SNACK KILOAN CAMILAN KILO,Rp12.500,LARISSA SNACK STORE,Semarang,100+ terjual,4.8
(PROMO MURAH) Seblak instan jajanan khas bandung by karoppotta,Rp8.380,karoppotta official,Makassar,60+ terjual,4.9
[READY MEDAN] Extra Topping Baso Aci Cuanki Seblak - Tahu Siomay Mini,Rp4.000,CemilanPuas,Medan,250+ terjual,4.4
"(COD) seblak kering kerupuk jengkol bumbu basah,pedas",Rp25.000,anugrah seblak,Kab. Bandung,40+ terjual,4.8
Kylafood Seblak Rempah Autentik isi (5pcs),Rp45.235,kylafood,Bandung,100+ terjual,4.6
kerupuk seblak kencur / kerupuk seblak kering - 250gram,Rp13.000,yumnaa snack,Kab. Bekasi,40+ terjual,4.8
Cancimen Seblak Ramen Mas Miun Instan Cemilan Cup Kekinian Khas Garut,Rp17.000,The Little Snacks,Tangerang Selatan,60+ terjual,5.0
Kerupuk Seblak Jeruk,Rp14.000,oke snack,Jakarta Selatan,250+ terjual,4.9
Mommy Seblak Basah Instan 100gr,Rp9.750,Fortuneolshop888,Kab. Bogor,250+ terjual,4.9
Seblak MOMMY Cemilan yang Luar Biasa,Rp11.400,ErJu,Bandung,10rb+ terjual,4.7
KERUPUK PEDAS SEBLAK PELANGI 250 GR,Rp15.000,TOKO KUE MEISYA 2,Jakarta Pusat,30+ terjual,5.0
MASJAY Combo 3pcs Seblak Bandung Instant Bumbu Pedas Membara,Rp39.000,Lidigeli,Kab. Garut,29 terjual,4.7
"cuanki sohu khas garut -+100 btr enak,renyah cocok baso aci,seblak dll",Rp14.999,aghniya,Tangerang Selatan,250+ terjual,5.0
COMBO HALU! 2PC SEBLAK MIE HALU - EMAK INDAH FOOD,Rp39.600,Pempek Emak Indah,Jakarta Barat,50+ terjual,5.0
TOPPING SEBLAK/baso Aci paket mix super murah khas Garut/cuanki/siomay,Rp69.999,ArfaOnlineShop,Tangerang,90+ terjual,4.9
Kylafood Seblak Karuhun Play,Rp10.530,kylafood,Bandung,250+ terjual,4.9
Seblak Mager (seblak instan) ,Rp18.000,seblakmager,Bandung,,
Kylafood Seblak Mie Baso,Rp21.450,kylafood,Bandung,4rb+ terjual,4.9
SEBLAK ACI INSTAN JAGUAR TERLEZAT MIE SEBLAK INSTANT JAGUAR SEBLAK - Seblak Aci Ayam,Rp10.000,Uai Food,Surabaya,80+ terjual,5.0
Kylafood Paket (3 Seblak Original 2 Batagor kuah) ,Rp91.125,kylafood,Bandung,3rb+ terjual,4.9
seblak instan om brewok,Rp14.000,Muysproduct,Kab. Bogor,2 terjual,5.0
Kylafood Seblak Mie Baso Sapi Play,Rp21.450,kylafood,Bandung,250+ terjual,4.9
Bakso Aci Instan Murah Asli Bandung Frozen Baso Cilok Kuah Kenyang,Rp5.702,Berkah Food Bandung,Cimahi,10rb+ terjual,4.9
Kylafood Seblak Tulang Rawan Play,Rp19.110,kylafood,Bandung,500+ terjual,4.9
seblak instan mie bakso om brewok,Rp16.000,Muysproduct,Kab. Bogor,5 terjual,5.0
kerupuk seblak bantet kemasan,Rp5.000,arsensnack,Kab. Bekasi,22 terjual,4.9
kerupuk seblak extra pedas murah meriah,Rp5.000,RIKI STORE 97,Kab. Bogor,12 terjual,4.7
SIOMAY MINI KERING 5 KG Garut campuran bahan baso Aci dan seblak,Rp140.999,ArfaOnlineShop,Tangerang,11 terjual,
Kerupuk Seblak bumbu kacang,Rp13.000,Allsnackbandung,Bandung,100+ terjual,5.0
SEBLAK KERING 100gr DUA VARIAN RASA,Rp4.500,jajanangarut19,Jakarta Selatan,100+ terjual,4.7
Kylafood Seblak Tulang Rawan,Rp24.500,kylafood,Bandung,8rb+ terjual,4.9
BASO ACI TULANG RANGU 100 GR,Rp21.700,Rak Sebelah,Jakarta Pusat,3rb+ terjual,4.9
PAKET HEMAT (2 Seblak original - Seblak Karuhun - Cireng Bumbu Rujak),Rp56.250,kylafood,Bandung,750+ terjual,4.9
Baso Aci Mak Igun / Bakso Aci Tulang Rangu Mak Igun - Tulang Rangu,Rp41.650,Foodstocks,Jakarta Selatan,100+ terjual,4.9
Kylafood Seblak Rempah Autentik isi (20 pcs),Rp216.630,kylafood,Bandung,10 terjual,5.0
Seblak Instan LALA komplit rasa mantap ngeunah raos pisan khas Bandung,Rp60.000,Seblak carla,Tangerang,90+ terjual,5.0
"makaroni kriuk 500g pedas extra daun jeruk,cemilan nikmat,seblak,makan",Rp23.000,anugrah seblak,Kab. Bandung,250+ terjual,4.8
1kg GURILEM Siomay Mini bahan Pelengkap Boci seblak dan cuanki,Rp29.500,lahawelah,Kab. Garut,750+ terjual,4.9
Kerupuk Seblak 100 gram-Tantaz Snack,Rp6.500,tantaz_Snack,Tangerang Selatan,23 terjual,4.8
kerupuk seblak pedas 1 kg / kerupuk seblak,Rp35.625,Adila_Putri_Snack,Kab.Ciamis,100+ terjual,4.8
KRUPUK / KERUPUK MENTAH / KERUPUK SEBLAK MENTAH 1kg POCO / PUYUR,Rp21.000,SuperSnacksShop,Kab. Bandung,90+ terjual,4.8
kerupuk mix 250 gram campuran seblak,Rp7.399,ArfaOnlineShop,Tangerang,70+ terjual,5.0
Kylafood Seblak Tulang Rawan Play,Rp19.110,kylafood,Bandung,500+ terjual,4.9
SEBLAK INSTAN special bumbu kencur rasa lezat,Rp5.999,aghniya,Tangerang Selatan,2rb+ terjual,4.8
kerupuk seblak keriting/seblak bulat/kerupuk keriting pedas,Rp15.000,shofia snack bekasi,Kab. Bekasi,100+ terjual,4.7
Cuanki Kuah Instan Parahyangan,Rp12.600,indieshop786,Kab. Garut,,
Kylafood Basreng pedas kemasan 100g,Rp13.900,kylafood,Bandung,750+ terjual,4.9
CUANKIE PARAHYANGAN INSTAN RASA CUANKIE ASELI - OLEH OLEH BANDUNG,Rp19.500,Cuankie Parahyangan,Kab. Bandung Barat,9 terjual,5.0
Kylafood Seblak Mie Tulang Rawan,Rp25.500,kylafood,Bandung,3rb+ terjual,4.9
Keripik Singkong Balado Christine Hakim,Rp36.000,Pisang Goreng Madu Bu Nanik,Jakarta Barat,2rb+ terjual,4.9
KERUPUK PEDAS KRIWIL 500gr / KRUPUK SEBLAK SUPER PEDAS,Rp32.200,AHR Jaya Snack,Jakarta Timur,9 terjual,5.0
Geli Chips - Seblak Kering Pedas Gurih Daun Jeruk 65gr,Rp10.200,Foodstocks,Jakarta Selatan,30+ terjual,5.0
cuanki/cuankie lidah isi 50 pcs khas Garut baso Aci/boci/seblak,Rp16.999,ArfaOnlineShop,Tangerang,80+ terjual,4.9
SEBLAK CIRENG SHAZA SEBLAK INSTAN,Rp12.000,Dingdong Food,Tangerang Selatan,70+ terjual,4.9
kerupuk seblak Pedas 75 gram gurih,Rp5.000,RIKI STORE 97,Kab. Bogor,6 terjual,4.0
"Bumbu asin gurih extra rempah 250 gr. Untuk kuah baso aci,seblak dll",Rp15.999,aghniya,Tangerang Selatan,250+ terjual,4.9
"SIOMAY MINI 1 BALL ISI 5 KILO TOPING BASO ACI, SEBLAK",Rp150.000,global cookware1,Jakarta Barat,100+ terjual,4.8
aneka kerupuk mix untuk bahan seblak 100 gr,Rp3.499,aghniya,Tangerang Selatan,100+ terjual,4.9
Kerupuk RANTAI 250gr SEBLAK Warna Warni,Rp4.987,yohangunawan94,Bandung,500+ terjual,5.0
aneka kerupuk mix untuk bahan seblak 500 gr,Rp14.999,aghniya,Tangerang Selatan,100+ terjual,5.0
 Kylafood Paket 4 Seblak Original 1 Batagor,Rp85.875,kylafood,Bandung,1rb+ terjual,4.9
jagung marning 250 gr,Rp16.000,oke snack,Jakarta Selatan,500+ terjual,4.9
Kylafood Seblak Original Isi 10 pcs,Rp167.700,kylafood,Bandung,13 terjual,5.0
Kylafood Basreng Pedas 1000g,Rp72.800,kylafood,Bandung,70+ terjual,5.0
Kylafood Toping Batagor,Rp9.360,kylafood,Bandung,2rb+ terjual,4.9
STIK KERUPUK SEBLAK PEDAS 250 GRAM,Rp20.000,Akang Kripik,Jakarta Timur,15 terjual,5.0
Ready seblak basreng pedas daun jeruk 1kg basreng bandung renyah gurih,Rp50.000,seblak bandung99,Kab. Bandung,750+ terjual,4.9
KRUPUK KREBO 180GR/KRUPUK KRIBO SEBLAK PEDAS/CEMILAN MURAH/SNAC KILOAN,Rp11.500,Agen Snack Murah,Jakarta Barat,100+ terjual,4.7
Kerupuk Krupuk Seblak Putih Kering Pedas Oleh Oleh Bandung Odjolali,Rp10.500,Storio Store,Tangerang Selatan,30+ terjual,4.5
Kerupuk seblak pedas 75 gram,Rp5.000,RIKI STORE 97,Kab. Bogor,20 terjual,4.0
Kerupuk indosari gado gado dan seblak,Rp18.900,Agen bawang goreng mas YO,Kab. Bogor,100+ terjual,4.9
krupuk seblak bumbu kacang,Rp16.800,H Nugraha,Bandung,30+ terjual,4.8
Seblak Tulang Rawan k.y.l Kylafood (Spesial Panen Telur),Rp17.550,kylafood,Bandung,30+ terjual,5.0
Cipet somay kering segitiga isi 20 pcs toping seblak baso Aci cuanki,Rp6.999,Distributor Cuanki dan Seblak,Kab. Bekasi,100+ terjual,4.8
SEBLAK INSTAN SIAP SAJI,Rp15.897,nyemilsaji,Kab. Bandung,1rb+ terjual,4.8
Kerupuk seblak/bawang /500 gr,Rp13.000,fanyshop1,Jakarta Selatan,70+ terjual,4.9
CEMILAN BOX MAKARONI SPIRAL GELUNG KERUPUK SEBLAK STICK PANGSIT,Rp35.789,nyemilsaji,Kab. Bandung,750+ terjual,4.8
Makanan Ringan Seblak Makaroni Spiral Pedas Kering,Rp5.000,BLIBET,Jakarta Barat,6 terjual,5.0
Kerupuk Seblak Pedas 200gr,Rp12.000,Utama.Snack,Surabaya,500+ terjual,4.9
Seblak Instan,Rp11.500,RN FROZEN FOOD,Jakarta Selatan,50+ terjual,4.9
Kerupuk Seblak Mentah/ Krupuk Seblak Viral/ Kerupuk Mawar 5kg,Rp109.750,Makanan Tradisi Id,Jakarta Pusat,11 terjual,5.0
Sukro pilus Cikur Sari rasa 1kg - toping seblak - baso aci,Rp35.000,Distributor Cuanki dan Seblak,Kab. Bekasi,100+ terjual,4.8
Pasar Keripik Cimol Seblak Pedas size Kecil 130g,Rp12.500,Pasar Keripik Bandung,Bandung,500+ terjual,4.9
paket kerupuk seblak,Rp50.000,cemalcemil_skuy,Tangerang,100+ terjual,5.0
Kerupuk seblak kering kencur 500gram /seblak kering pedas daun jeruk,Rp24.700,oyun kriukzz,Kab. Bekasi,750+ terjual,4.9
KERUPUK PEDAS JABLAY PELANGI 1kg / Seblak Kering Kerupuk Bantat Seblak,Rp62.098,AHR Jaya Snack,Jakarta Timur,6 terjual,5.0
"Kerupuk seblak/jablay pedas snack kiloan cemilan original, exp panjang",Rp8.500,amarsha_shop,Jakarta Utara,100+ terjual,4.6
SEBRING CAMPUR/ Seblak kering Bumbu kacang/ varian pedas-original,Rp20.000,KailaAini_collection,Kab. Bandung,60+ terjual,5.0
Paket 5 pcs Seblak Instan Ceu Nthien terdekat Viral,Rp85.000,Central Seblak Nusantara,Tangerang Selatan,17 terjual,5.0
PAKET MIX HEMAT 50 BASO ACI/BOCI/SEBLAK/CUANKI,Rp85.000,ArfaOnlineShop,Tangerang,40+ terjual,5.0
baso Aci/boci/seblak CUANKI LIDAH KHAS GARUT MURAH isi 100 pcs,Rp39.999,ArfaOnlineShop,Tangerang,6 terjual,5.0
Kerupuk SEBLAK KERITING PEDAS ( 1 Kg ),Rp79.000,KRIUK JAYA,Jakarta Barat,8 terjual,5.0
Kerupuk Seblak Kencur Gurih Asin Pedas 10 pcs/pak,Rp7.000,SerbaAda_6699,Bandung,30+ terjual,5.0
seblak instan KSN frozen,Rp10.400,Pelangi Girls Naget 2,Depok,100+ terjual,5.0
SEBLAK INSTAN KARASA,Rp5.999,aghniya,Tangerang Selatan,500+ terjual,4.9
cuanki lidah untuk baso aci dan seblak,Rp15.999,aghniya,Tangerang Selatan,1rb+ terjual,4.8
Seblak Instant Homemade,Rp14.000,Tea78,Tangerang,21 terjual,5.0
kerupuk seblak mentah kerupuk bawang 250gr,Rp11.900,BuyungBumbu,Jakarta Pusat,70+ terjual,4.8
Seblak Bantat Boboko Pedas Daun Jeruk Level 20 Khas Bandung 125g,Rp17.700,Gerai Snack Official Shop,Kab. Tangerang,30+ terjual,4.9
50pcs LIDAH Cuanki Batagor bahan Pelengkap Boci seblak dan cuanki,Rp17.999,lahawelah,Kab. Garut,250+ terjual,4.9
Gelifood Seblak Instan Kerupuk Mawar Bumbu Kencur Rafael Pedas Gurih,Rp13.000,Lidigeli,Kab. Garut,250+ terjual,4.8
Kylafood Seblak Original Play,Rp15.050,kylafood,Bandung,1rb+ terjual,5.0
"Seblak Rafael, Seblak Coet Instan Halal",Rp25.000,Brother Meat Shop,Depok,100+ terjual,4.9
Seblak Instan Ceu Nthien Khas Bandung Rasana Ngeunah Pisan,Rp17.000,Central Seblak Nusantara,Tangerang Selatan,2rb+ terjual,4.9
KERUPUK SEBLAK MENTAH ANEKA WARNA,Rp11.500,jajanangarut19,Jakarta Selatan,250+ terjual,4.9
Kerupuk Seblak Pedas Fortuna (isi 12),Rp11.000,Vivflo Shop,Jakarta Selatan,6 terjual,
Seblak Original k.y.l Kylafood (Spesial Panen Telur),Rp16.770,kylafood,Bandung,1rb+ terjual,4.9
Pilus Cikur Topping Baso Aci / Seblak,Rp11.500,Pusat Cuankie & Cemilan Frozen,Jakarta Timur,250+ terjual,4.8
Seblak Teh Betty Instant Travelsize,Rp12.500,baksorusukjossofficial,Bekasi,5 terjual,5.0
aneka kerupuk mix untuk bahan seblak 1 kg,Rp24.999,aghniya,Tangerang Selatan,100+ terjual,5.0
"Kylafood Seblak Cup Instan, Halal",Rp11.500,Brother Meat Shop,Depok,60+ terjual,5.0
Seblak Instan,Rp8.000,ROEMAH MOSLEM,Kab. Boyolali,40+ terjual,5.0
Geli Food Seblak Ceker Tanpa Tulang Super Pedas 180gr,Rp22.500,Lidigeli,Kab. Garut,40+ terjual,5.0
KERUPUK KRUPUK SEBLAK PEDAS 250 GR,Rp10.000,TOKO KUE MEISYA,Jakarta Pusat,100+ terjual,4.9
KERUPUK BAWANG WARNA MERAH KRUPUK SEBLAK MENTAH - 500 gram,Rp11.500,BociKakang,Jakarta Selatan,90+ terjual,5.0
Seblak Instant Carla 100 gr,Rp13.000,Rahmatika Freshmart,Tangerang Selatan,17 terjual,5.0
kerupuk seblak kering kecil / kerupuk seblak pedas,Rp5.000,Tasya chocolate,Tangerang Selatan,14 terjual,
SEBLAK KERING CIKRUH BUMBU KACANG VARIAN CAMPUR,Rp10.599,Simshop_,Cimahi,40+ terjual,4.8
Kerupuk Seblak Pedas Mimi,Rp18.000,Snack Zone Official,Jakarta Selatan,70+ terjual,4.9
kerupuk seblak pedas 1 bungkus,Rp10.900,atwshop,Jakarta Selatan,14 terjual,5.0
Mie Seblak Geprek Sami Raos Khas Garut Seblak Instant Kekinian 160gr,Rp20.000,Gerai Snack Official Shop,Kab. Tangerang,100+ terjual,4.8
Sukro pilus Cikur Sari rasa 1 renceng 10bks - toping seblak - baso aci,Rp6.000,Distributor Cuanki dan Seblak,Kab. Bekasi,80+ terjual,4.4
Keripik Seblak Pedas Putih,Rp18.000,Snackzone PP,Jakarta Pusat,30+ terjual,5.0
SEBLAK JELETET MURNI (UNYUU),Rp26.500,Seblak Jeletet Murni,Jakarta Pusat,250+ terjual,4.8
"cuanki lidah BARAYA 500 pcs enak, renyah, special seblak, baso aci dll",Rp139.999,aghniya,Tangerang Selatan,50+ terjual,4.8
Gelifood Combo 3pcs Seblak Instan Kerupuk Mawar Kencur Pedas Rafael,Rp35.000,Lidigeli,Kab. Garut,100+ terjual,4.9
KERUPUK SEBLAK MENTAH 1KG WARNA WARNI - Mawar Warna,Rp23.500,BociKakang,Jakarta Selatan,250+ terjual,5.0
KRUPUK STIK RASA UDANG CAP PADI KAPAS KHAS INDRAMAYU BISA BUAT SEBLAK,Rp19.050,dariimyu,Kab. Indramayu,100+ terjual,5.0
Kylafood Seblak Rempah Autentik,Rp10.000,Kylafood Jakarta,Jakarta Selatan,90+ terjual,5.0
KERUPUK SEBLAK PEDAS KENCUR / SEMBRING SEBLAK KERITING BANTET 500 GRAM,Rp32.100,TOKO KUE MEISYA,Jakarta Pusat,40+ terjual,5.0
cuanki/cuankie lidah 100 pcs termurah khas Garut baso Aci/seblak boci,Rp32.999,ArfaOnlineShop,Tangerang,23 terjual,5.0
"seblak kerupuk jengkol pedas bumbu basah COD,asli Bandung",Rp12.500,SEBLAK MANTUL,Kab. Bandung,14 terjual,4.8
SIOMAY SEGITIGA ISI 10 PCS BASO ACI/BOCI/SEBLAK,Rp7.999,ArfaOnlineShop,Tangerang,80+ terjual,4.9
Sabring kerupuk seblak pedas gurih,Rp3.000,RIKI STORE 97,Kab. Bogor,100+ terjual,4.9
Kerupuk seblak putih,Rp18.000,Snackzone KK,Jakarta Selatan,25 terjual,5.0
seblak,Rp6.900,KING DURIAN84,Depok,750+ terjual,4.9
KERUPUK JABLAY BANTET KRUPUK SEBLAK KENCUR MINI KILOAN,Rp10.000,Ayra jaya snack,Jakarta Utara,1 terjual,5.0
KERUPUK SEBLAK 500GR / KRUPUK SEBLAK DAUN JERUK / SEBLAK PEDAS,Rp19.900,Dapur Sehat21,Kab. Bandung,70+ terjual,4.9
Cuanki Tahu Panjang isi 25 pcs toping seblak baso aci bakso cuanki,Rp8.500,Distributor Cuanki dan Seblak,Kab. Bekasi,100+ terjual,5.0
CUANKI LIDAH KHAS GARUT 1 BAL isi 500 pcs campuran baso Aci dan seblak,Rp200.000,ArfaOnlineShop,Tangerang,12 terjual,5.0
Termurah Kerupuk Mentah-Kerupuk Seblak-Kerupuk Puli,Rp6.800,Djuragan Kerupuk,Surabaya,90+ terjual,5.0
Seblak Sultan instant,Rp14.000,Sultan Meat Shop,Medan,250+ terjual,4.8
KERUPUK SEBLAK PEDAS DAUN JERUK / KRUPUK SEBLAK KERING / SEBLAK PEDES,Rp25.000,Innes Oleh Oleh,Jakarta Barat,2 terjual,
kerupuk seblak pedas 1 kg / kerupuk seblak,Rp35.625,Adila_Putri_Snack,Kab.Ciamis,100+ terjual,4.8
PAKET BUNDLING HEMAT 12  (6 pcs seblak 6pcs baso aci ) MAKANAN INSTAN ,Rp44.999,gudangsnacktgr19,Kab. Tangerang,5 terjual,4.3
Cuanki lidah murah kiloan isi 150 toping seblak baso aci,Rp32.699,CuankiCulametan,Kab. Garut,100+ terjual,5.0
SEBLAK KOMPLIT EXTRA PEDAS DENGAN BUMBU SPECIAL,Rp12.000,jsr rempah indonesia,Jakarta Selatan,19 terjual,4.7
Seblak instan,Rp11.000,Ghery Durian Shop,Jakarta Timur,100+ terjual,4.9
Krupuk Seblak Kencur 250 gram,Rp10.000,Hosana Snack,Bogor,100+ terjual,4.9
PAKET KOMPLIT! RABOKKI RAMYEON TTEOKBOKI SEBLAK BAKSO ACI CHOIGO! HALU,Rp108.999,Pempek Emak Indah,Jakarta Barat,14 terjual,5.0
MIX Seblak + Batagor Kuah,Rp170.000,Central Seblak Nusantara,Tangerang Selatan,11 terjual,5.0
SEBLAK INSTAN TERMURAH,Rp3.500,Cemilan-Ce,Kab. Sidoarjo,70+ terjual,4.9
cuanki tahu kering seblak isi 50 pcs toping seblak baso aci,Rp12.500,CUANKI CULAMETAN,Kab. Garut,250+ terjual,4.9
3 SEBLAK FREE BASO ACI,Rp63.000,Sajodo Snack & Food,Tasikmalaya,22 terjual,5.0
Seblak Koko Instan Non MSG HALAL MUI CEMILAN ENAK KUAH (POUCH),Rp22.000,Ayyabina & Hijab Alila,Jakarta Barat,30+ terjual,4.8
[READY MEDAN] Seblak Marenta Instan Asli Bandung Komplit Pedas Gurih,Rp18.000,CemilanPuas,Medan,40+ terjual,5.0
Kerupuk Seblak RAFAEL / Krupuk Seblak Pedas Bantet - Anum Sari,Rp15.000,ANUM SARI,Tangerang Selatan,6 terjual,5.0
Soaci Baso Aci Seblak Original,Rp23.990,oke snack,Jakarta Selatan,13 terjual,5.0
COMBO HALU! 3PC SEBLAK MIE HALU - EMAK INDAH FOOD,Rp59.400,Pempek Emak Indah,Jakarta Barat,24 terjual,5.0
Seblak Instant Basranger Extra Pedas Daun Jeruk (200gr),Rp20.000,Gerai Snack Official Shop,Kab. Tangerang,100+ terjual,4.8
Kerupuk mawar putih 1kg / kerupuk ikan/kerupuk seblak viral,Rp23.000,Semesta kerupuk,Tangerang Selatan,50+ terjual,4.9
Seblak,Rp12.000,anto frozen food,Tangerang,50+ terjual,4.9
SEBLAK KERUPUK SIKAYA,Rp11.000,sinergi snack,Depok,100+ terjual,5.0
cuanki lidah 50 pcs enak toping seblak baso aci,Rp12.999,CuankiCulametan,Kab. Garut,250+ terjual,4.9
Kerupuk Oren Seblak Bubur Mentah [250 g],Rp12.500,SPM Market,Jakarta Selatan,13 terjual,5.0
PILUS CIKUR 250 GRAM KHAS SUKABUMI BASO ACI/BOCI/SEBLAK,Rp9.999,ArfaOnlineShop,Tangerang,80+ terjual,4.8
"siomay kering kuncup/kembung 1 ball untuk baso aci, baso, seblak dll",Rp124.999,aghniya,Tangerang Selatan,21 terjual,5.0
COMBO HALU! 2PC BAKSO ACI INSTANT + 2PC SEBLAK - EMAK INDAH FOOD,Rp89.200,Pempek Emak Indah,Jakarta Barat,30+ terjual,4.8
seblak jengkol pedas / okesnack,Rp16.000,oke snack,Jakarta Selatan,100+ terjual,4.9
BUMBU BASO ACI SEBLAK 100gr,Rp12.000,jajanangarut19,Jakarta Selatan,250+ terjual,4.9
Marenta Seblak Instan,Rp14.590,AMANA SNACK,Tangerang Selatan,100+ terjual,5.0
cuanki lidah aci seblak,Rp7.500,djavafood,Depok,18 terjual,5.0
seblak kerupuk kering bantat,Rp5.000,Olivia marwah Skincare,Kab. Bekasi,9 terjual,5.0
Bumbu Seblak - Cairo Food,Rp25.500,Cairo Food,Jakarta Pusat,29 terjual,5.0
KERUPUK PEDAS SEBLAK 250 GR,Rp17.000,TOKO KUE MEISYA 2,Jakarta Pusat,40+ terjual,4.9
"Paket Happy (Seblak Original, Batagor Kuah, Bacil)",Rp55.875,kylafood,Bandung,500+ terjual,4.9
BATAGOR CUANKI TAHU KERING SIOMAI SIOMAY SEBLAK 150GR TOPING BASO MIE,Rp8.200,Astar Food,Bandung,250+ terjual,4.9
kerupuk seblak putih 5kg,Rp93.000,Nabe Sembako,Tangerang,30+ terjual,5.0
kerupuk seblak kencur pedas,Rp15.000,shofia snack bekasi,Kab. Bekasi,100+ terjual,4.9
COMBO HALU! 5PC SEBLAK MIE HALU - EMAK INDAH FOOD,Rp99.000,Pempek Emak Indah,Jakarta Barat,6 terjual,5.0
Paket Isi 6 Cuanki Instan Lakoca | Batagor Instan | Seblak Basah GFS,Rp93.840,Lakoca Official Shop,Cimahi,100+ terjual,4.8
KERUPUK SEBLAK PEDAS DAUN JERUK 100 GR,Rp4.500,BociKakang,Jakarta Selatan,500+ terjual,4.8
KERUPUK PEDAS KRIWIL BANTAT ISI 250gr KRITING SEMBRING SEBLAK MAWAR,Rp17.248,AHR Jaya Snack,Jakarta Timur,50+ terjual,5.0
PAKET 11 PCS SEBLAK COET SAMBAL IJO TATANGGA Food Rawit,Rp44.999,gudangsnacktgr19,Kab. Tangerang,,
seblak kencur / okesnack,Rp10.000,oke snack,Jakarta Selatan,750+ terjual,4.9
Seblak / Seblak Kering / Kerupuk Seblak Kering Pedas,Rp15.000,Bung Boe Snack,Kab. Sumedang,40+ terjual,5.0
Kerupuk Seblak RAFAEL / Krupuk Seblak Pedas Bantet - Anum Sari - 250 Gram,Rp15.000,ANUM SARI,Tangerang Selatan,6 terjual,5.0
KERUPUK SEBLAK DAUN JERUK PEDAS / KRUPUK SEBLAK KERING / SEBLAK PEDES,Rp25.000,BonBon Factory,Jakarta Utara,1 terjual,
Yasnack Kerupuk Seblak Rafael Pedas Cikruh Gurih 500 gr,Rp28.900,YasnackID,Bandung,9 terjual,5.0
"Kerupuk Seblak Pedas 100 Gram, Kerupuk Seblak Daun Jeruk Gurih Renyah",Rp22.688,Nion.Nion_Official,Tangerang Selatan,20 terjual,4.5
kerupuk seblak kering pedas 1 kg keripik hot spicy camilan kekinian,Rp41.000,JAGO TOK PETOK,Surabaya,100+ terjual,4.9
KERUPUK JABLAY BANTET SEBLAK KENCUR MINI KILOAN 500GRAM,Rp20.500,Ayra jaya snack,Jakarta Utara,2 terjual,5.0
TENS Mie Kremes Seblak / Snack Vegan / Cemilan Sehat 65Gr,Rp11.900,Frozen Mart Jakarta,Jakarta Utara,23 terjual,5.0
Bumbu Instan Cimol Seblak Cilok Atoom Atom Bulan Grosir,Rp990,yohangunawan94,Bandung,4rb+ terjual,5.0
Cuanki lidah 150 pcs khas garut toping baso aci & Seblak K'rasa BARAYA,Rp45.999,aghniya,Tangerang Selatan,40+ terjual,5.0
Kerupuk seblak Mawar / Seblak Rafael / Seblak viral 500 gr,Rp34.500,Bintang Snack & Camilan,Semarang,9 terjual,5.0
Krupuk seblak pedass,Rp12.000,R~snack,Jakarta Timur,,
SEBLAK KERING 100gr DUA VARIAN RASA,Rp4.500,jajanangarut19,Jakarta Selatan,100+ terjual,4.7
Kerupuk Seblak Rempah Cikur,Rp15.000,Kerupuk Rempah,Bandung,,
Keripik seblak pedas daun jeruk,Rp7.500,Tetia.CO,Tangerang Selatan,2 terjual,
Kylafood Seblak Karuhun Play,Rp10.530,kylafood,Bandung,250+ terjual,4.9
cuanki/cuankie lidah 150 pcs khas Garut topping boci/baso Aci/seblak,Rp46.999,ArfaOnlineShop,Tangerang,18 terjual,5.0
Seblak/Cuanki/Baso aci/Batagor kuah (instan) 1porsi. toping lengkap,Rp7.500,Aliya28,Tangerang Selatan,100+ terjual,5.0
Kerupuk Seblak Mawar Kribo Pedas Daun Jeruk 1.8kg,Rp70.000,Cap 2K Snack,Kab. Bandung,20 terjual,4.6
Cancimen Seblak Ramen Mas Miun Snack Cemilan Cup Siap Saji,Rp16.830,Mo_toko,Tangerang Selatan,8 terjual,5.0
BUMBU KUAH CUANKI BASO ACO/BOCI SEBLAK ECERAN,Rp699,ArfaOnlineShop,Tangerang,750+ terjual,4.9
seblak instan masabi,Rp8.000,baso aci masabi,Jakarta Selatan,250+ terjual,4.8
Kerupuk Bawang Orange Dan Putih 1kg 1kilo Cocok Untuk Seblak Nasi Uduk,Rp20.000,Distributor-Jaya,Tangerang,100+ terjual,5.0
Seblak Putri 80 gr,Rp12.500,King Fresh Mart,Jakarta Barat,16 terjual,5.0
Muria Snack Seblak Stick Cabe Merah x 10pcs (Bisa Same Day Delivery),Rp55.000,Merbabu Food,Tangerang Selatan,5 terjual,5.0
SAGO MEE PAKET 5 CUP KOMPLIT (BISA PILIH VARIAN) SAGOMEE MIE INSTAN,Rp48.500,Noname Goods,Jakarta Barat,100+ terjual,5.0
"Seblak Instan, Praktis, Komplit Khas Sunda by Kang Idin",Rp26.000,Kaya Halal Market,Jakarta Selatan,28 terjual,4.9
SEBLAK MIE 10 PCS PAKET HEMAT MAKANAN INSTAN food pedas,Rp44.999,gudangsnacktgr19,Kab. Tangerang,1 terjual,
Pasar Keripik Cimol Seblak Pedas Kiloan,Rp55.000,Pasar Keripik Bandung,Bandung,19 terjual,5.0
Poco loco salsa dip guacamole 300 gr,Rp95.000,toko cahaya bintaro,Jakarta Selatan,24 terjual,5.0
CUANKI/CUANKIE SIOMAY SPECIAL KHAS GARUT ISI 50 PCS BASO ACI & SEBLAK,Rp17.999,ArfaOnlineShop,Tangerang,18 terjual,5.0
Seblak kerupuk mawar/pedo pedas aroma daun jeruk 1 kg khas bandung,Rp55.000,Seblak putra bandung,Kab. Bandung,3 terjual,5.0
cuanki/cuankie lidah isi 100 pcs baso Aci/boci/seblak,Rp32.999,ArfaOnlineShop,Tangerang,60+ terjual,4.9
Seblak beton gurih gurih enyoy 250 gram,Rp15.700,Seblak Guludug Bandung,Kab. Bandung,,
Cuanki lidah 100 pcs khas garut toping baso aci & Seblak (BRY),Rp31.999,aghniya,Tangerang Selatan,100+ terjual,4.9
atom bintang kembar kecil 50g- bumbu seblak - baso Aci - bakso cuanki,Rp4.000,Distributor Cuanki dan Seblak,Kab. Bekasi,100+ terjual,4.9
kerupuk bawang orange - kerupuk seblak 250gr,Rp7.500,Tukangsayurmbakyu,Tangerang Selatan,100+ terjual,4.9
KERUPUK SEBLAK 1KG / KRUPUK SEBLAK DAUN JERUK / SEBLAK PEDAS,Rp36.900,Dapur Sehat21,Kab. Bandung,40+ terjual,4.5
Kylafood Mix Pentol Kuah dan Seblak Original,Rp39.500,kylafood,Bandung,16 terjual,5.0
Bumbu Penyedap Baso Aci / Seblak,Rp14.500,Pusat Cuankie & Cemilan Frozen,Jakarta Timur,100+ terjual,4.9
Cimol Spesial K.y.l Kylafood,Rp23.790,kylafood,Bandung,4rb+ terjual,4.9
Seblak Rafael Viral Pedas Asin Gurih,Rp6.500,SnackinKuy!!,Cimahi,,
Paket Pesta Kuliner k.y.l Kylafood,Rp60.375,kylafood,Bandung,4rb+ terjual,4.9
Bundle 5pcs - Seblak Basranger Extra Pedas 200gr Makanan Instan Ready,Rp83.500,Rak Sebelah,Jakarta Pusat,,
Kylafood Batagor Kuah Play,Rp22.230,kylafood,Bandung,1rb+ terjual,5.0
Kylafood Paket 2 Seblak Original 3 Batagor Kuah,Rp96.375,kylafood,Bandung,250+ terjual,4.9
Krupuk kerupuk Seblak Pedas Gurih krupuk Jablay,Rp18.000,Akang Kripik,Jakarta Timur,30+ terjual,5.0
Seblak Bu Etu - Misdaseum / Original,Rp19.900,Bakso Bu Etu,Kab. Bandung,750+ terjual,4.9
siomay mini kering 1kg / gurilem toping seblak baso aci cuanki,Rp25.000,CuankiCulametan,Kab. Garut,100+ terjual,4.9
cuanki/cuankie lidah isi 150 khas Garut baso Aci/boci/seblak,Rp47.999,ArfaOnlineShop,Tangerang,21 terjual,5.0
Pasar Keripik Kerupuk Seblak Mawar Mini Pedas size Kecil,Rp12.500,Pasar Keripik Bandung,Bandung,40+ terjual,4.9
seblak instant komplit bumbu cikruh bandung aufaro snack,Rp6.800,AUFARO SNACK,Kab. Bandung Barat,250+ terjual,4.9
BUBUK CABAI/CABE BASO ACI/BOCI/SEBLAK/CUANKI ECERAN,Rp699,ArfaOnlineShop,Tangerang,250+ terjual,5.0
seblak kuah instan 300,Rp12.000,tokoferafrozen,Tangerang,50+ terjual,
kerupuk bawang pedas seblak plastik 250gr,Rp26.500,DRSukses,Jakarta Selatan,16 terjual,5.0
Seblak Kering Dapur Cabai Krupuk Mix | Sebring Cikruh Bumbu Kacang,Rp58.550,manisan pak andre,Jakarta Timur,9 terjual,5.0
KERUPUK KRIWIL PEDAS 1kg / KRUPUK SEMBRING SEBLAK KERITING,Rp67.848,AHR Jaya Snack,Jakarta Timur,13 terjual,4.3
Seblak Cobek Seblak Rafael Seblak Ala Rafael_1616 Seblak Sambel Kencur,Rp8.782,NomeL Shop,Surabaya,30+ terjual,5.0
cuankie/cuanki lidah isi 150 pcs khas Garut baso Aci /boci seblak,Rp46.999,ArfaOnlineShop,Tangerang,24 terjual,4.6
"pilus kencur 3 kg K'Rasa enak dan renyah baso aci, seblak, cemilan dll",Rp95.999,aghniya,Tangerang Selatan,50+ terjual,5.0
Kylafood Seblak Tulang Rawan,Rp24.500,kylafood,Bandung,8rb+ terjual,4.9
[TERMURAH!!] Seblak Instant Basranger Extra Pedas 200gram,Rp13.790,duniacemilan,Bandung,100+ terjual,4.9
Kerupuk Putih Dua Jago 500gr - Krupuk Seblak Bubur Ayam Ketoprak,Rp12.000,Boeana Baking & Sembako,Tangerang,40+ terjual,5.0
Kerupuk Kering 250g Bahan Seblak Variasi Lengkap by GG,Rp5.999,gaiagarut,Kab. Garut,40+ terjual,5.0
seblak basreng pedas original exstra daun jeruk 500gram,Rp25.000,seblak bandung99,Kab. Bandung,2rb+ terjual,4.8
KERUPUK OREN 1KG TOPPING SEBLAK,Rp19.000,Pusat Cuankie & Cemilan Frozen,Jakarta Timur,29 terjual,5.0
Seblak Instan Sehati,Rp13.000,Official Kartika Sari,Bandung,500+ terjual,5.0
Seblak Instan Kwetiaw,Rp13.500,RN FROZEN FOOD,Jakarta Selatan,8 terjual,5.0
[READY MEDAN] Kerupuk Bawang Bantet Seblak Pedas Jeruk Murah 100grm,Rp8.000,CemilanPuas,Medan,250+ terjual,4.9
kerupuk seblak mentah orange 250gr,Rp11.500,BuyungBumbu,Jakarta Pusat,60+ terjual,
Kylafood Seblak Mie Baso Sapi Play,Rp21.450,kylafood,Bandung,250+ terjual,4.9
KERUPUK SEBLAK KERING BANTAT RAFAEL PEDES DAUN JERUK 250 GRAM ,Rp19.000,Madinah Oleh Oleh Bdg,Bandung,16 terjual,4.8
pilus cikur / pilus seblak baso aci - 250gram,Rp12.000,yumnaa snack,Kab. Bekasi,30+ terjual,4.8
Cuanki Pangsit kering Segitiga Cipet isi 40 toping seblak baso aci,Rp13.500,CuankiCulametan,Kab. Garut,250+ terjual,5.0
Kerupuk Seblak Pedas / Kerupuk Seblak Merah,Rp18.000,Snackzone PP,Jakarta Pusat,21 terjual,4.0
Seblak Seafood Instan,Rp7.500,Cemilan Malang,Malang,14 terjual,5.0
[TERMURAH] (COD) 1kg Krupuk Seblak Bantet Kering/ Kripik Seblak Pedas,Rp47.000,Arkadewi11,Jakarta Selatan,2 terjual,5.0
Paket 7 Pcs Seblak Instan Ceu Nthien Khas Bandung Rasana Ngeunah Pisan,Rp120.000,Central Seblak Nusantara,Tangerang Selatan,16 terjual,4.9
Kerupuk Krupuk Seblak Merah Kering Pedas Oleh Oleh Bandung Odjolali,Rp10.500,Storio Store,Tangerang Selatan,19 terjual,4.7
Kerupuk Mentah Mawar Putih Seblak Viral Bawang 1 Bal 5 Kg,Rp95.000,BuddhiSMART,Tangerang,2 terjual,5.0
Bundle 10pcs - Seblak Basranger Extra Pedas 200gr Makanan Instan Ready,Rp165.500,Rak Sebelah,Jakarta Pusat,,
Kylafood Mie Tulang Rawan Play,Rp19.890,kylafood,Bandung,250+ terjual,4.9
seblak instan mie original om brewok,Rp14.000,Muysproduct,Kab. Bogor,5 terjual,5.0
Cimol Spicy Lava Kylafood,Rp22.230,kylafood,Bandung,750+ terjual,4.9
seblak instan mie toppoki om brewok,Rp16.000,Muysproduct,Kab. Bogor,,
Cimol Spicy Lava Kylafood,Rp22.230,kylafood,Bandung,750+ terjual,4.9
Kylafood Mix Batagor Kuah dan Mie Kocok,Rp43.450,kylafood,Bandung,17 terjual,5.0
CUANKI INSTAN BANDUNG,Rp4.500,jajanangarut19,Jakarta Selatan,3rb+ terjual,4.8
cuanki tahu gepeng isi 100 pcs toping seblak bsso aci,Rp38.999,CUANKI CULAMETAN,Kab. Garut,100+ terjual,4.9
Sami Raos Cuanki Geprek Instan,Rp18.270,Foodstocks,Jakarta Selatan,40+ terjual,4.8
Kerupuk Seblak Kering Pedas Daun jeruk,Rp12.500,BELFASHOP,Surabaya,30+ terjual,4.5
kerupuk bawang mentah warna merah -+5kg untuk seblak wajib grab/ gojek,Rp68.500,olshoppwgi,Tangerang Selatan,11 terjual,5.0
SEBLAK INSTAN MANG MUSS,Rp12.500,Seblak Mang Muss,Tasikmalaya,500+ terjual,4.9
Kerupuk Seblak/Nasgor Mentah 250gr,Rp10.000,IKAN SEGAR CAK ADNAN,Jakarta Selatan,7 terjual,5.0
kerupuk seblak,Rp10.000,fey snack,Depok,100+ terjual,4.9
"seblak coin mekar 1,5kg",Rp60.000,Toko Yazid Cita Rasa,Bandung,4 terjual,5.0
CUANKIE JUARA! CUANKIE JAJANAN KULINER ENAK KHAS BANDUNG VARIAN RASA - 6 Ayam Bwg (AB),Rp115.000,Rasa Juara Indonesia,Kab. Bandung,750+ terjual,4.9
siomay mini kering 1kg / gurilem toping seblak baso aci cuanki,Rp25.000,CuankiCulametan,Kab. Garut,100+ terjual,4.9
kerupuk seblak gangkampung - 250gr,Rp7.000,cemilanindonesia22,Kab. Garut,,
cuanki tahu pasung murah isi 10 pcs toping seblak boci mie bakso,Rp3.500,CuankiCulametan,Kab. Garut,40+ terjual,4.9
Kerupuk Seblak Berkualitas 250Gr,Rp12.000,IKAN LAUT SEGAR CAK ALFATH,Jakarta Selatan,6 terjual,5.0
Kerupuk seblak merah,Rp18.000,Snackzone KK,Jakarta Selatan,28 terjual,4.9
Seblak Kering Gurih 65gram,Rp10.965,Lidigeli,Kab. Garut,100+ terjual,5.0
seblak frozen instan seblak rafael,Rp8.000,Kunyahhfood,Kab. Bogor,50+ terjual,5.0
"baso aci, bakso aci, cuanki, seblak instan, boci",Rp8.000,baso aci masabi,Jakarta Selatan,2rb+ terjual,4.8
Seblak Kuah Instant Terciduk Khas Bandung Extra Mie Telur Best Seller,Rp18.700,Gerai Snack Official Shop,Kab. Tangerang,60+ terjual,4.5
seblak kering bantat kerupuk bawang Ekstra pedas daun jeruk( 1 KG),Rp19.000,ngemil sipedas,Kab.Ciamis,11 terjual,5.0
Kerupuk Seblak Mentah Berkualitas - 250 Gram,Rp10.000,JURAGAN IKAN LAUT,Jakarta Selatan,11 terjual,5.0
Makaroni Seblak Basreng Keripik Kaca Capsule Pedas Kelanting Kurma,Rp20.000,kemplang Ango,Kab. Bekasi,17 terjual,4.8
SEBLAK INSTAN ORI/SEBLAK INSTAN KERUPUK/SEBLAK INSTAN MURAH,Rp3.899,dakar_ofc,Kab. Mojokerto,250+ terjual,4.2
boci cuanki gangkampung 10pcs,Rp42.000,cemilanindonesia22,Kab. Garut,,
Siomay mini 250 gram gurilem murah toping seblak boci,Rp8.000,CuankiCulametan,Kab. Garut,100+ terjual,4.9
SEBLAK KICIMPRING MANG MUSS,Rp9.999,Seblak Mang Muss,Tasikmalaya,750+ terjual,4.8
cuanki siomay mini gurilem 1 ons toping seblak baso aci,Rp3.000,CuankiCulametan,Kab. Garut,60+ terjual,4.9
krupuk seblak mini pedas  250gram,Rp13.500,Vinsnack,Tangerang,3 terjual,5.0
PAKET KOMPLIT BUMBU BASO ACI/BOCI/CUANKI/SEBLAK ECERAN,Rp1.200,ArfaOnlineShop,Tangerang,250+ terjual,5.0
Toping Seblak Baso Aci PAKET MIX 150pcs Cuanki Lidah Siomay dan Baso T,Rp77.280,Onesupp Acc,Jakarta Barat,6 terjual,5.0
Gelifood Combo 3pcs Seblak Ceker Tanpa Tulang Super Pedas,Rp60.000,Lidigeli,Kab. Garut,24 terjual,4.2
Kerupuk Seblak Kering Sebring Pedas Daun Jeruk 100gr,Rp4.500,Pedas Gilaa,Surabaya,500+ terjual,4.9
CUANKI/CUANKIE SIOMAY SPECIAL MURAH ASLI GARUT ISI 100 PCS BOCI&SEBLAK,Rp35.999,ArfaOnlineShop,Tangerang,10 terjual,5.0
Kerupuk Seblak | Cemilan Pedas | Cemilan Kering 150gr,Rp9.256,vieka mart official,Tangerang Selatan,30+ terjual,4.9
"Toping Seblak Baso Aci PAKET MIX 150pcs Cuanki Lidah, Siomay dan Baso",Rp42.500,gaiagarut,Kab. Garut,250+ terjual,4.8
Kerupuk Seblak Rafael Mawar Putih Pedas,Rp8.355,oke snack,Jakarta Selatan,80+ terjual,4.9
Baso urat djuara sami raos/Baso Aci Urat /Seblak,Rp26.000,Snackzone KK,Jakarta Selatan,8 terjual,5.0
(HARGA TERMURAH) seblak instan mantap,Rp3.900,baso aci zahra,Kab. Bandung,1rb+ terjual,4.7
kerupuk seblak viral ,Rp8.000,Pawon Brebes,Depok,,
Kerupuk seblak - cemilan murah kaleastores,Rp13.500,kaleastores,Kab. Banyuwangi,,
SHAZA BASO ACI CUANKI / BOCI CUANKI,Rp15.500,Bentang Frozen,Tangerang Selatan,100+ terjual,4.9
Cuanki tahu atau batagor kering kiloan murah isi 150 seblak baso aci,Rp32.500,CuankiCulametan,Kab. Garut,100+ terjual,4.9
Batagor,Rp45.000,UMMU GENDIS FOOD,Depok,24 terjual,5.0
GURILEM 250GR TOPPING BASO ACI / SEBLAK,Rp11.000,Pusat Cuankie & Cemilan Frozen,Jakarta Timur,20 terjual,4.8
Seblak Uleg || Viral,Rp8.000,RN FROZEN FOOD,Jakarta Selatan,11 terjual,
Kerupuk Jablay BANTET 1 KG |Krupuk Jablay Seblak Kencur 1KG 1000g 1000,Rp35.000,Toko 21 Cempaka Baru,Jakarta Pusat,40+ terjual,4.9
Kerupuk Orange / Kerupuk Seblak 250gr / Kerupuk Mentah - BawangBagus,Rp7.500,BawangBagus,Tangerang,6 terjual,
Cuanki tahu Gepeng Geprek isi 100 pcs toping seblak baso Aci baso,Rp35.000,Distributor Cuanki dan Seblak,Kab. Bekasi,50+ terjual,4.9
bumbu seblak basah instan,Rp26.666,Kickball Official,Bandung,250+ terjual,4.7
Seblak Instan,Rp20.500,dmpOLSHOP,Kab. Bekasi,21 terjual,5.0
Seblak Basah Instan Good Friend (90gr),Rp15.700,Gerai Snack Official Shop,Kab. Tangerang,40+ terjual,5.0
KERUPUK SEBRING 500 GRAM / KERUPUK SEBLAK MAWAR,Rp22.000,Dapur Sehat21,Kab. Bandung,5 terjual,5.0
Kyla Food Seblak Original,Rp21.500,fasyaa_id,Bandung,40+ terjual,5.0
SEBLAK INSTAN SEHAT NON MSG,Rp6.000,newtopik,Bandung,100+ terjual,4.8
kerupuk bawang mentah/kerupuk seblak/kerupuk warna warni 1kg,Rp37.000,tukangsayurjkt,Jakarta Selatan,30+ terjual,5.0
cemilan SEBLAK KARI PEDAS 65gr,Rp4.500,oke snack,Jakarta Selatan,100+ terjual,4.8
Kerupuk Putih 250 gr Krupuk Sumbersari Kurupuk Sumber Sari Seblak,Rp6.500,Celikafood,Bandung,60+ terjual,4.7
Seblak Instant Nagih | Seblak + Baso Aci Jajanan Milenial,Rp10.296,vieka mart official,Tangerang Selatan,15 terjual,4.3
kerupuk seblak kencur pedas 100 gram,Rp5.000,keripikususkrisis,Kab. Gresik,50+ terjual,4.9
cimol seblak pedas 200gr,Rp10.000,Akun_Kuliner,Tangerang Selatan,15 terjual,5.0
Kerupuk Seblak Kering Bantet Pedas Gurih Keripik Kering Renyah Halal,Rp19.970,Rendang Den Lapeh,Depok,18 terjual,4.8
seblak geprek,Rp18.500,Jajanan Hits (JS),Tangerang Selatan,9 terjual,5.0
Kerupuk Seblak,Rp17.000,Menu Ama,Tangerang Selatan,100+ terjual,4.9
kerupuk oren/kerupuk seblak/kerupuk ikan tenggiri oren 1 kg,Rp17.000,kurniamakmur75,Depok,30+ terjual,4.8
Cemilan Kerupuk Seblak Pedas Cemilan Imon 100Gr,Rp15.000,Moenero,Kab. Tangerang,13 terjual,5.0
sebring seblak kering bumbu kacang cikruh 1kg,Rp15.000,Baso Aci Athaya,Kab. Bandung,15 terjual,4.3
krupuk seblak pedas daun jeruk bantet 500geram,Rp24.000,seblak barokah 07,Kab. Bandung,100+ terjual,4.7
Kylafood Seblak Mie Baso,Rp21.450,kylafood,Bandung,4rb+ terjual,4.9
YIMS seblak instant box termurah teh kerupuk seblak pedas khas garut,Rp8.500,Yimshop,Semarang,70+ terjual,4.6
KERUPUK SEBLAK PEDAS 200g,Rp12.000,hilmandza,Kab. Tangerang,30+ terjual,5.0
50 SIOMAY Cuanki Kering bahan Pelengkap Boci seblak dan cuanki,Rp17.999,lahawelah,Kab. Garut,250+ terjual,4.9
"baso aci masabi ( boci, tulang rangu, cuanki, seblak, bapper)",Rp7.500,jajanan masabi,Jakarta Selatan,50+ terjual,5.0
- Seblak Rafael Asli Original | Seblak Coet Mamang Rafael #,Rp37.000,joniludiansyah,Bandung,3 terjual,5.0
Sami Raos Baso MIE SEBLAK Geprek Khas Garut 135 Gram,Rp16.500,Alanza Frozen Food,Tangerang Selatan,16 terjual,5.0
SEBLAK KENCUR 75 gram,Rp7.000,Vavivo Tart & Cake,Kab. Bogor,13 terjual,5.0
Bumbu Seblak Samara Micron,Rp12.000,Sosis Paskali Official,Bandung,100+ terjual,5.0
seblak basreng pedas original exstra daun jeruk 500gram,Rp25.000,Seblak putra bandung,Kab. Bandung,250+ terjual,4.8
Kerupuk Mawar Putih Bulat Mentah / Bahan Seblak 1kg Gurih dan Enak,Rp11.000,De Kriuk,Kab. Brebes,10 terjual,5.0
Paket 7 Pcs Batagor Kuah Ceu Nthien Khas Bandung Rasana Ngeunah Pisan,Rp120.000,Central Seblak Nusantara,Tangerang Selatan,11 terjual,4.8
"basreng gangkampung - 250gr, Asin",Rp12.000,cemilanindonesia22,Kab. Garut,,
Basreng Pedas Cikruh Seblak Bantet Cikruh Daun Jeruk Kemasan Ekonomis,Rp3.000,Bang Bana,Kab. Malang,500+ terjual,4.9
Maicih Seblak Keju,Rp19.900,Gerai Snack Official Shop,Kab. Tangerang,500+ terjual,4.7
Cirambay Terciduk/Aci Rambay Pedas Bumbu Cikruh Bisa Goreng Atau Kuah,Rp18.700,Gerai Snack Official Shop,Kab. Tangerang,100+ terjual,4.7
Baso Aci Mie Nyemek Teh Shanty Original Lengkap Dengan Gurilem 200g,Rp22.900,Gerai Snack Official Shop,Kab. Tangerang,100+ terjual,5.0
KERUPUK SNACK SEBLAK ADA 5 VARIAN LEVEL,Rp12.500,BoboShop805,Jakarta Utara,6 terjual,5.0
Seblak instan cuanki/Seblak instan murah/Seblak instan mie,Rp4.900,Komasnack,Kab. Mojokerto,10 terjual,5.0
Kerupuk Bawang Mentah Bintang Warna Warni 250gr/Kerupuk Seblak,Rp6.500,Sin Nana,Semarang,,
Gelichips Seblak Kering Sebring Camilan Kerupuk Pedas Daun Jeruk 65 gr,Rp12.500,Lidigeli,Kab. Garut,40+ terjual,4.5
kerupuk seblak mawar pedas daun jeruk,Rp7.999,uus shop 02,Surabaya,40+ terjual,4.8
KRUPUK JABLAY PEDAS 500Gram/KRUPUK SEBLAK/SEBLAK KERING/SNACK KILOAN,Rp22.999,Agen Snack Murah,Jakarta Barat,50+ terjual,4.9
Seblak Kencur 250gr/Kerupuk Seblak Rasa Kencur/Snack Cemilan,Rp11.600,Agen Snack Murah,Jakarta Barat,100+ terjual,5.0
Seblak Koin,Rp17.500,Official Kartika Sari,Bandung,500+ terjual,5.0
Seblak makroni pedas gurih ekstra daun jeruk 100 gram,Rp5.000,Seblak putra bandung,Kab. Bandung,100+ terjual,4.8
SEBLAK KERIPIK BETON 1KG CIKRUH / SEBRING KERUPUK BETON 1KG CIKRUH,Rp43.750,ICIP ICIP SNACK BANDUNG,Kab. Bandung,4 terjual,5.0
100gr Kerupuk Bawang Tersanjung Bintang Bunga Krupuk Mentah seblak,Rp4.400,Eagar Wangsa,Jakarta Utara,250+ terjual,4.8
cuanki tahu pasung isi 50 murah batagor kering toping seblak baso aci,Rp12.000,CuankiCulametan,Kab. Garut,250+ terjual,4.9
Seblak Basranger,Rp14.500,Khayla BeautyShop,Kab. Bekasi,9 terjual,5.0
Oifyoo Seblak Mozarella,Rp22.000,Clower Mart,Jakarta Barat,23 terjual,4.8
SEBLAK SOACI / SEBLAK BASO ACI SOACI,Rp16.850,TOBELO SHOP,Tangerang,100+ terjual,5.0
Kerupuk Seblak Bantet Kencur Extra Pedas,Rp12.500,EMPING MELINJO ASLI LIMPUNG KIRANI SNACK,Kab. Batang,30+ terjual,4.9
Siomay Cuankie Kering Cuangki Baso Bakso Aci Seblak,Rp8.000,Celikafood,Bandung,60+ terjual,4.9
Seblak Mercon Komplit Khas Tasik 150gr,Rp9.500,Al Dien Mart,Tangerang,21 terjual,4.6
Seblak Instant Pedas Cadas Mantab,Rp14.000,Bianzi Food,Jakarta Selatan,50+ terjual,5.0
"MI MIE LIDI YOI DAUN JERUK , SEBLAK , PEDAS LV5 ORIGINAL,CEMILAN HITS",Rp5.500,WA SPAREPART,Bekasi,28 terjual,5.0
Bumbu Seblak Cikur Bawang Putih Untuk Seblak (Plain),Rp400,Berkah Food Bandung,Cimahi,750+ terjual,4.9
seblak instant khas bandung,Rp62.000,Seblak Alipbata,Tangerang,100+ terjual,4.8
Seblak Instan BABA Semua Variant (3pcs),Rp50.000,Basrengbaba,Kab. Bandung,19 terjual,4.8
Cuanki Tahu Keriting Panjang Topping Baso Aci / Seblak Khas Garut,Rp14.999,Pedas Gilaa,Surabaya,100+ terjual,5.0
Seblak Mercon Khas Tasik 150gr Pedas Jelotot,Rp11.000,Al Dien Store 313,Tangerang,50+ terjual,4.8
KERUPUK TANGGA / TARAJE 1KG TOPPING SEBLAK,Rp22.000,Pusat Cuankie & Cemilan Frozen,Jakarta Timur,11 terjual,5.0
seblak instan purwakarta,Rp4.500,cemilan instan purwakarta,Kab. Purwakarta,750+ terjual,4.9
Kerupuk Seblak Kering Pedas Aroma Daun Jeruk Murah Enak Terlaris 250 g,Rp15.999,Kunyahhfood,Kab. Bogor,16 terjual,5.0
PAKET BUNDLING HEMAT 12  (6 pcs seblak 6pcs baso aci ) MAKANAN INSTAN ,Rp44.999,gudangsnacktgr19,Kab. Tangerang,5 terjual,4.3
Kerupuk Seblak Nuri,Rp93.100,mitra jaya sembako,Tangerang,16 terjual,
Krupuk Seblak Coin 1 bal,Rp55.000,Hosana Snack,Bogor,27 terjual,5.0
Snack Seblak jeletot 150 gr,Rp14.000,Asinan Maputri,Tangerang,12 terjual,4.9
Mamafuji - Seblak Instan viral (DUTA SEBLAK APPROVED),Rp23.999,Mama Fuji Official,Tangerang,20 terjual,4.8
Kerupuk seblak pedas,Rp15.900,Tukangsayurmbakyu,Tangerang Selatan,60+ terjual,4.6
KRUPUK JABLAY PEDAS 220GR/KRUPUK SEBLAK/CEMILAN SNACK/SNACK KILOAN.,Rp11.000,Agen Snack Murah,Jakarta Barat,30+ terjual,4.9
"PAKET JUNI ASIK SEBLAK BESTSELLER(Seblak Original,Seblak Tulang Rawan)",Rp34.500,kylafood,Bandung,80+ terjual,4.8
Seblak Keju,Rp15.000,Maicih_Official,Bandung,250+ terjual,4.9
"TERBARU MIX 4 BASO ACI, 4 SEBLAK, 4 CUANKI INSTAN ABAH ACENG",Rp57.000,Richyy_mart,Jakarta Barat,1 terjual,
Kerupuk jengkol dan seblak beton (satu paket) rasa pedas kemasan 250 g,Rp15.500,Seblak Guludug Bandung,Kab. Bandung,4 terjual,
[PROMO!!] BASRANGER Seblak Instant EXTRA PEDAS 200gr - seblak nikmat,Rp15.999,JM Snacks,Bandung,100+ terjual,4.9
Paket seblak bakso untuk 3 porsi,Rp29.000,Tukangsayurmbakyu,Tangerang Selatan,30+ terjual,5.0
Kerupuk Seblak Kering Pedas Bumbu Kencur 100 gram,Rp6.750,Zahira Official 01,Kab. Kebumen,30+ terjual,5.0
"Bumbu asin gurih extra rempah 1 kg. Untuk kuah baso aci,seblak dll",Rp47.999,aghniya,Tangerang Selatan,500+ terjual,4.8
kerupuk seblak kencur pedas,Rp25.000,bangkit jaya snack,Bekasi,70+ terjual,4.9
seblak crispy,Rp13.000,HaRoZaDaZaSa store,Depok,40+ terjual,4.4
Kerupuk Bawang Warna Putih Dan Orange 500Gram Seblak Nasi Uduk Dll,Rp11.000,Distributor-Jaya,Tangerang,100+ terjual,4.9
Seblak Geprek,Rp19.000,kappa center,Tangerang,20 terjual,5.0
Nyemil Saji - Seblak Instan Siap Saji,Rp16.365,Nyemil Saji Jepara,Kab. Sleman,23 terjual,4.9
SEBLOK / SEBLAK CILOK RANGU NYAKREK,Rp6.800,Pusat Cuankie & Cemilan Frozen,Jakarta Timur,250+ terjual,4.8
Kerupuk seblak 100 gram Pedas gurih,Rp8.000,RIKI STORE 97,Kab. Bogor,6 terjual,5.0
Kerupuk Keong Warna Warni 250gr Krupuk Seblak Mentah,Rp6.000,Celikafood,Bandung,40+ terjual,5.0
Kerupuk Seblak Bantet 100 gram-Tantaz Snack,Rp7.500,tantaz_Snack,Tangerang Selatan,60+ terjual,5.0
Bundling 3 - Seblak Bapper - Seblak Basranger - Seblak Terciduk,Rp51.900,Gerai Snack Official Shop,Kab. Tangerang,9 terjual,
KERUPUK SEBLAK VIRAL RAFAEL ,Rp5.500,D'gegaresan,Jakarta Utara,100+ terjual,4.3
seblak kering / seblak kerupuk krupuk putih bawang pedas / murah enak,Rp7.000,Jagoicip,Jakarta Pusat,7 terjual,5.0
Pasar Keripik Kerupuk Seblak Mawar Mini Pedas size Besar,Rp28.500,Pasar Keripik Bandung,Bandung,14 terjual,5.0
kerupuk mentah seblak,Rp65.000,DINAYASHOP,Jakarta Barat,20 terjual,4.0
Kerupuk Sari  Udang Mentah 250gr/Kerupuk Seblak,Rp6.500,Sin Nana,Semarang,6 terjual,5.0
Kerupuk bawang prima / Kerupuk warna warni / Kerupuk seblak - 500 Gram,Rp12.000,Roda Minang,Jakarta Barat,30+ terjual,4.9
Kerupuk Bawang Seblak Bintang Mentah / Kerupuk Tersanjung 100 gram,Rp4.000,DelimaFCB,Surabaya,16 terjual,5.0
Gelifood Seblak Instan Kerupuk Mawar Bumbu Kencur Rafael Pedas Gurih,Rp13.000,Lidigeli,Kab. Garut,250+ terjual,4.8
Kylafood Seblak Original Play,Rp15.050,kylafood,Bandung,1rb+ terjual,5.0
"Seblak Rafael, Seblak Coet Instan Halal",Rp25.000,Brother Meat Shop,Depok,100+ terjual,4.9
Seblak Instan Ceu Nthien Khas Bandung Rasana Ngeunah Pisan,Rp17.000,Central Seblak Nusantara,Tangerang Selatan,2rb+ terjual,4.9
KERUPUK SEBLAK MENTAH ANEKA WARNA,Rp11.500,jajanangarut19,Jakarta Selatan,250+ terjual,4.9
kerupuk seblak pedas 1/2 kg / kerupuk seblak ½,Rp20.482,Adila_Putri_Snack,Kab.Ciamis,100+ terjual,4.8
"PAKET MIX Cuanki Instan Super Lengkap, Seblak Instan 9 Bungkus",Rp41.000,Endo Shop ID,Kab. Garut,,
Seblak Instan RC Karawang | Seblak Instan Prasmanan Oleh-Oleh Karawang,Rp15.500,TOKO KAMI789,Kab. Karawang,,
siomay mini kering 250 gram toping seblak baso aci,Rp8.000,CUANKI CULAMETAN,Kab. Garut,100+ terjual,4.8
BATAGOR Seblak 100gr Baso Tahu Goreng Siap Makan,Rp1.500,yohangunawan94,Bandung,100+ terjual,5.0
"Kylafood Seblak Cup Instan, Halal",Rp11.500,Brother Meat Shop,Depok,60+ terjual,5.0
Seblak Instan,Rp8.000,ROEMAH MOSLEM,Kab. Boyolali,40+ terjual,5.0
Geli Food Seblak Ceker Tanpa Tulang Super Pedas 180gr,Rp22.500,Lidigeli,Kab. Garut,40+ terjual,5.0
KERUPUK KRUPUK SEBLAK PEDAS 250 GR,Rp10.000,TOKO KUE MEISYA,Jakarta Pusat,100+ terjual,4.9
KERUPUK BAWANG WARNA MERAH KRUPUK SEBLAK MENTAH - 500 gram,Rp11.500,BociKakang,Jakarta Selatan,90+ terjual,5.0
Paket Isi 6 Cuanki Instan Lakoca | Batagor Instan | Seblak Basah GFS,Rp93.840,Lakoca Official Shop,Cimahi,100+ terjual,4.8
Baso Aci GEPREK Seblak GEPREK boci instant samiraos boci geprek tulang,Rp15.300,Pusat Baso Aci,Surabaya,40+ terjual,4.8
kerupuk oren/kerupuk seblak oren/kerupuk ikan tenggiri oren 500 gr,Rp8.900,kurniamakmur75,Depok,15 terjual,5.0
cuanki lidah 150 pcs toping seblak baso aci,Rp35.000,CUANKI CULAMETAN,Kab. Garut,250+ terjual,5.0
kerupuk seblak bantet/sebring setengah kg,Rp24.500,arsensnack,Kab. Bekasi,14 terjual,4.9
KERUPUK SEBLAK KERITING CABE MERAH SUPER PEDES 250 GRAM,Rp18.000,Madinah Oleh Oleh Bdg,Bandung,100+ terjual,4.9
Batagor Kering Panjang 1 Pack Cocok buat Seblak SAYUR ONLINE BANDUNG,Rp16.000,Sayur Gedebage Praktis Online Bandung,Bandung,4 terjual,5.0
KERUPUK SEBLAK KENCUR PEDAS 1KG/SNACK KILOAN,Rp41.000,ajs(ale jaya snack),Jakarta Utara,2 terjual,5.0
Seblak Instant Mommy,Rp12.200,Jacqkids,Bandung,500+ terjual,4.8
Paket seblak sosis untuk 3 porsi,Rp29.000,Tukangsayurmbakyu,Tangerang Selatan,8 terjual,5.0
Gelifood Combo 3pcs Seblak Instan Kerupuk Mawar Kencur Pedas Rafael,Rp35.000,Lidigeli,Kab. Garut,100+ terjual,4.9
KERUPUK SEBLAK MENTAH 1KG WARNA WARNI - Mawar Warna,Rp23.500,BociKakang,Jakarta Selatan,250+ terjual,5.0
KRUPUK STIK RASA UDANG CAP PADI KAPAS KHAS INDRAMAYU BISA BUAT SEBLAK,Rp19.050,dariimyu,Kab. Indramayu,100+ terjual,5.0
Kylafood Seblak Rempah Autentik,Rp10.000,Kylafood Jakarta,Jakarta Selatan,90+ terjual,5.0
KERUPUK SEBLAK PEDAS KENCUR / SEMBRING SEBLAK KERITING BANTET 500 GRAM,Rp32.100,TOKO KUE MEISYA,Jakarta Pusat,40+ terjual,5.0
SEBLAK GEPREK SAMIRAOS / SEBLAK MIE / SEBLAK SOUN / SEBLAK INSTAN,Rp17.850,TOBELO SHOP,Tangerang,100+ terjual,4.8
PANGSIT SEBLAK BUMBU BASAH,Rp8.500,RIKI STORE 97,Kab. Bogor,9 terjual,5.0
Seblak kering seblak kemplang 500 gram,Rp23.000,RIKI STORE 97,Kab. Bogor,6 terjual,
Kerupuk Seblak Kering Mawar (Rafael) Pedas Daun Jeruk 1 Kg,Rp49.000,SekawanRasa,Surabaya,1 terjual,5.0
seblak basah instant ekonomis,Rp5.000,Kickball Official,Bandung,100+ terjual,4.6
Seblak Stik 250gram,Rp10.000,Hosana Snack,Bogor,250+ terjual,4.9
kerupuk seblak bantet kering 1kg (matang),Rp46.000,arsensnack,Kab. Bekasi,6 terjual,5.0
kerupuk seblak pedas daun jeruk,Rp9.900,afif jaya cemilan,Surabaya,100+ terjual,4.6
KERUPUK SEBLAK KENCUR PEDAS 1kG,Rp45.000,AQILA FROZEN FOOD JAKARTA,Jakarta Selatan,40+ terjual,
kerupuk seblak rafael 500gram,Rp13.800,arzy sembako,Kab. Bogor,40+ terjual,5.0
Termurah Kerupuk Mentah-Kerupuk Seblak-Kerupuk Puli,Rp6.800,Djuragan Kerupuk,Surabaya,90+ terjual,5.0
Seblak Sultan instant,Rp14.000,Sultan Meat Shop,Medan,250+ terjual,4.8
KERUPUK SEBLAK PEDAS DAUN JERUK / KRUPUK SEBLAK KERING / SEBLAK PEDES,Rp25.000,Innes Oleh Oleh,Jakarta Barat,2 terjual,
kerupuk seblak pedas 1 kg / kerupuk seblak,Rp35.625,Adila_Putri_Snack,Kab.Ciamis,100+ terjual,4.8
PAKET BUNDLING HEMAT 12  (6 pcs seblak 6pcs baso aci ) MAKANAN INSTAN ,Rp44.999,gudangsnacktgr19,Kab. Tangerang,5 terjual,4.3
Boboko Kerupuk Seblak Kering Pedas Daun Jeruk Level 7 / 8 /9 / 13,Rp18.000,Dewi_Sartika,Jakarta Barat,9 terjual,5.0
Kerupuk Kriwil Seblak Cikur (net 200g),Rp9.000,Van Kios,Bandung,14 terjual,5.0
seblak pedas kerupuk,Rp82.000,ViSha_Olshop,Bekasi,60+ terjual,4.9
Kerupuk Seblak/Ikan/Sari Udang/Merah - MENTAH,Rp25.000,sembakocitra,Tangerang,22 terjual,5.0
Seblak basreng pedas original daun jeruk stik 100gr,Rp5.000,Seblak putra bandung,Kab. Bandung,4rb+ terjual,4.8
siomay mini kering 1kg toping seblak baso aci,Rp25.000,CUANKI CULAMETAN,Kab. Garut,100+ terjual,4.9
Kerupuk Seblak Kering Bumbu Pedas CIkruh Daun Jeruk Box | Snack Teman,Rp17.500,Snack Teman,Bandung,30+ terjual,4.9
KRUPUK SEBLAK KENCUR 500 gram,Rp28.000,Vavivo Tart & Cake,Kab. Bogor,9 terjual,5.0
KRUPUK / KERUPUK MENTAH / KERUPUK SEBLAK MENTAH 1kg BAWANG,Rp18.000,SuperSnacksShop,Kab. Bandung,70+ terjual,4.9
Cabe bubuk special baso aci & seblak,Rp11.999,aghniya,Tangerang Selatan,250+ terjual,4.9
SEBLAK INSTAN,Rp5.000,Griyo Seni,Kab. Sidoarjo,90+ terjual,4.6
Kerupuk Ikan Merah Mentah / Kerupuk Seblak 250gr,Rp9.500,Hello Cell & Distro,Bandung,7 terjual,5.0
kerupuk seblak pedas 1 kg TERMURAH,Rp38.000,RIKI STORE 97,Kab. Bogor,3 terjual,5.0
KRUPUK / KERUPUK MENTAH / KERUPUK SEBLAK MENTAH 200gr MAWAR WARNA,Rp5.000,SuperSnacksShop,Kab. Bandung,100+ terjual,4.9
Seblak Mommy Instan Rasa Original Kemasan Cup,Rp11.550,Beuki Mart,Bandung,14 terjual,5.0
Krupuk Stik Seblak /pedas 1kg,Rp36.000,Hosana Snack,Bogor,40+ terjual,4.9
Seblak Mooza,Rp22.000,oifyoo_jakut,Jakarta Utara,12 terjual,4.7
siomay kering mini untuk baso aci & seblak bandung,Rp14.999,aghniya,Tangerang Selatan,250+ terjual,4.9
baso aci / seblak instan,Rp6.000,Nyum_mama,Pekanbaru,30+ terjual,4.5
SEBLAK VIRAL - SEBLAK INSTANT - SEBLAK RAFAEL - SEBLAK MAMANG RAFAEL,Rp8.880,FARADHIFY STORE,Bekasi,100+ terjual,4.6
Kerupuk seblak jengkol extra pedas 1kg krupuk jengkol pedas murah,Rp15.000,zhafran_id,Kab.Ciamis,30+ terjual,4.3
CUANKIE TAHU STICK / TAHU KERITING ISI 50 TOPPING BASO ACI / SEBLAK,Rp18.000,Pusat Cuankie & Cemilan Frozen,Jakarta Timur,19 terjual,4.5
Kerupuk Mawar Seblak Cocol (100gr)/Seblak Rafael Kerupuk Mawar Mentah,Rp4.990,Toko Ritel Indonesia,Sukabumi,100+ terjual,4.9
cabe rawit bubuk sachet seblak baso aci cuanki instant,Rp350,CUANKI CULAMETAN,Kab. Garut,2rb+ terjual,4.8
Seblak Ceker pedas daun jeruk 250 gram,Rp13.000,Markas Makaroni,Kab. Bekasi,60+ terjual,4.9
ANTAKA 100gr Bumbu Tabur Aneka Rasa Bumbu Seblak Makaroni,Rp5.999,yohangunawan94,Bandung,750+ terjual,5.0
BARU! KERUPUK SEBLAK - TERMURAH [100gram],Rp7.500,Aflah Snack,Bekasi,100+ terjual,4.7
BOCI BASO ACI MACI AYAM MERCON TULANG RANGU XTRA PEDAS | SEBLAK BASO A,Rp8.299,snackbox88,Bekasi,50+ terjual,
Kerupuk Seblak Mawar Kriwil Pedas 60gr ANABA,Rp2.881,Siaga Lapak,Malang,16 terjual,5.0
keripik seblak rafael pedas & asin,Rp16.500,keyz shop78,Bandung,5 terjual,5.0
SEBLAK JUARA INSTAN MASAK BASAH ASLI BANDUNG ENAK MANTAP,Rp22.000,Rasa Juara Indonesia,Kab. Bandung,1rb+ terjual,4.9
seblak kering bumbu kacang(100gr),Rp4.999,seblak_joy,Kab. Bandung,20 terjual,5.0
Kerupuk Rafael/kerupuk seblak viral/kerupuk mawar 1kg,Rp33.000,KEDAI SAYUR KU,Tangerang Selatan,30+ terjual,4.9
Krupuk Seblak Kencur Seblak Jablay 250gr,Rp12.500,Mokosnacksby,Surabaya,250+ terjual,4.9
Seblak kerupuk bintang pedas ekstra daun jeruk 100 gram,Rp5.000,Seblak putra bandung,Kab. Bandung,60+ terjual,4.9
Paket Isi 6 Cuanki Instan Lakoca | Batagor Instan | Seblak Basah GFS,Rp93.840,Lakoca Official Shop,Cimahi,100+ terjual,4.8
KERUPUK SEBLAK PEDAS DAUN JERUK 100 GR,Rp4.500,BociKakang,Jakarta Selatan,500+ terjual,4.8
KERUPUK PEDAS KRIWIL BANTAT ISI 250gr KRITING SEMBRING SEBLAK MAWAR,Rp17.248,AHR Jaya Snack,Jakarta Timur,50+ terjual,5.0
PAKET 11 PCS SEBLAK COET SAMBAL IJO TATANGGA Food Rawit,Rp44.999,gudangsnacktgr19,Kab. Tangerang,,
seblak kencur / okesnack,Rp10.000,oke snack,Jakarta Selatan,750+ terjual,4.9
